-- phpMyAdmin SQL Dump
-- version 4.5.1
-- http://www.phpmyadmin.net
--
-- Host: 127.0.0.1
-- Generation Time: Jun 14, 2018 at 02:09 AM
-- Server version: 10.1.16-MariaDB
-- PHP Version: 7.0.27

SET SQL_MODE = "NO_AUTO_VALUE_ON_ZERO";
SET time_zone = "+00:00";


/*!40101 SET @OLD_CHARACTER_SET_CLIENT=@@CHARACTER_SET_CLIENT */;
/*!40101 SET @OLD_CHARACTER_SET_RESULTS=@@CHARACTER_SET_RESULTS */;
/*!40101 SET @OLD_COLLATION_CONNECTION=@@COLLATION_CONNECTION */;
/*!40101 SET NAMES utf8mb4 */;

--
-- Database: `hoclambanh`
--

-- --------------------------------------------------------

--
-- Table structure for table `category_items`
--

CREATE TABLE `category_items` (
  `id` int(10) UNSIGNED NOT NULL,
  `name` varchar(191) COLLATE utf8mb4_unicode_ci NOT NULL,
  `path` varchar(191) COLLATE utf8mb4_unicode_ci NOT NULL,
  `description` longtext COLLATE utf8mb4_unicode_ci,
  `image` varchar(191) COLLATE utf8mb4_unicode_ci DEFAULT NULL,
  `image_mobile` varchar(191) COLLATE utf8mb4_unicode_ci DEFAULT NULL,
  `level` tinyint(1) UNSIGNED NOT NULL DEFAULT '0',
  `parent_id` int(10) UNSIGNED DEFAULT NULL,
  `type` tinyint(4) NOT NULL DEFAULT '0',
  `seo_title` varchar(191) COLLATE utf8mb4_unicode_ci DEFAULT NULL,
  `seo_description` longtext COLLATE utf8mb4_unicode_ci,
  `seo_keywords` varchar(191) COLLATE utf8mb4_unicode_ci DEFAULT NULL,
  `order` int(11) NOT NULL DEFAULT '1',
  `isActive` tinyint(4) NOT NULL DEFAULT '1',
  `created_at` timestamp NULL DEFAULT NULL,
  `updated_at` timestamp NULL DEFAULT NULL
) ENGINE=InnoDB DEFAULT CHARSET=utf8mb4 COLLATE=utf8mb4_unicode_ci;

--
-- Dumping data for table `category_items`
--

INSERT INTO `category_items` (`id`, `name`, `path`, `description`, `image`, `image_mobile`, `level`, `parent_id`, `type`, `seo_title`, `seo_description`, `seo_keywords`, `order`, `isActive`, `created_at`, `updated_at`) VALUES
(1, 'Học Làm Bánh Mì', 'hoc-lam-banh-mi', '<p>\r\n	Học Làm Bánh Mì\r\n</p>', 'images/uploads/images/gt_1.jpg', NULL, 0, NULL, 0, 'Học Làm Bánh Mì', 'Học Làm Bánh Mì', 'Học Làm Bánh Mì', 1, 1, '2018-06-12 02:23:16', '2018-06-12 02:23:16'),
(2, 'Học Làm Bánh Kem', 'hoc-lam-banh-kem', '<p>\r\n	Học Làm Bánh Kem\r\n</p>', 'images/uploads/images/gt_1.jpg', NULL, 0, NULL, 0, 'Học Làm Bánh Kem', 'Học Làm Bánh Kem', 'Học Làm Bánh Kem', 2, 1, '2018-06-12 02:23:44', '2018-06-12 02:23:44');

-- --------------------------------------------------------

--
-- Table structure for table `category_permissions`
--

CREATE TABLE `category_permissions` (
  `id` int(10) UNSIGNED NOT NULL,
  `name` varchar(191) COLLATE utf8mb4_unicode_ci NOT NULL,
  `created_at` timestamp NULL DEFAULT NULL,
  `updated_at` timestamp NULL DEFAULT NULL
) ENGINE=InnoDB DEFAULT CHARSET=utf8mb4 COLLATE=utf8mb4_unicode_ci;

--
-- Dumping data for table `category_permissions`
--

INSERT INTO `category_permissions` (`id`, `name`, `created_at`, `updated_at`) VALUES
(1, 'Role', '2018-03-14 07:31:28', '2018-03-14 07:31:28'),
(2, 'User', '2018-03-14 07:31:28', '2018-03-14 07:31:28'),
(3, 'Menu', '2018-03-14 07:31:28', '2018-03-14 07:31:28'),
(4, 'Page', '2018-03-14 07:31:29', '2018-03-14 07:31:29'),
(5, 'Post', '2018-03-14 07:31:29', '2018-03-14 07:31:29'),
(7, 'Product', '2018-03-27 03:05:29', '2018-03-27 03:05:29');

-- --------------------------------------------------------

--
-- Table structure for table `configs`
--

CREATE TABLE `configs` (
  `id` int(10) UNSIGNED NOT NULL,
  `name` varchar(191) COLLATE utf8mb4_unicode_ci DEFAULT NULL,
  `content` longtext COLLATE utf8mb4_unicode_ci,
  `description` varchar(191) COLLATE utf8mb4_unicode_ci DEFAULT NULL,
  `order` int(11) DEFAULT NULL,
  `user_id` int(10) UNSIGNED NOT NULL,
  `created_at` timestamp NULL DEFAULT NULL,
  `updated_at` timestamp NULL DEFAULT NULL
) ENGINE=InnoDB DEFAULT CHARSET=utf8mb4 COLLATE=utf8mb4_unicode_ci;

--
-- Dumping data for table `configs`
--

INSERT INTO `configs` (`id`, `name`, `content`, `description`, `order`, `user_id`, `created_at`, `updated_at`) VALUES
(1, 'config-contact', '<p>\r\n	<strong><em><span style="background-color:#f1c40f;">Hotline đặt hàng</span>:</em></strong><em>&nbsp;&nbsp;<strong>097.388.9336 - 0914.675.777</strong></em>\r\n</p>\r\n\r\n<p>\r\n	<strong><em>Hotline hỗ trợ tư vấn và phản hồi ý kiến</em></strong><em>:&nbsp;&nbsp;<strong>097.388.9336</strong></em>\r\n</p>\r\n\r\n<p>\r\n	<strong><em>Hân hạnh được phục vụ quý khách hàng.!</em></strong>\r\n</p>\r\n\r\n<p>\r\n	<strong><em>Thông tin liên hệ với chúng tôi:</em></strong>\r\n</p>\r\n\r\n<p>\r\n	&nbsp; &nbsp; &nbsp; &nbsp; &nbsp; &nbsp;&nbsp;&nbsp; &nbsp;&nbsp;<strong>CÔNG TY TNHH THƯƠNG MẠI DỊCH VỤ THÉP KHÁNH NAM</strong>\r\n</p>\r\n\r\n<p>\r\n	<strong>TRỤ SỞ CHÍNH:</strong>&nbsp;<em>201 Bình Thành, KP 4, P. Bình Hưng Hòa, Q. Bình Tân, thành phố Hồ Chí Minh</em>\r\n</p>\r\n\r\n<p>\r\n	<strong>Di động:</strong><em>&nbsp;097.388.9336 - 0914.675.777</em>\r\n</p>', NULL, NULL, 1, NULL, '2018-03-30 09:07:51');

-- --------------------------------------------------------

--
-- Table structure for table `menus`
--

CREATE TABLE `menus` (
  `id` int(10) UNSIGNED NOT NULL,
  `name` varchar(191) COLLATE utf8mb4_unicode_ci NOT NULL,
  `path` varchar(191) COLLATE utf8mb4_unicode_ci NOT NULL,
  `level` tinyint(3) UNSIGNED NOT NULL,
  `order` int(11) NOT NULL DEFAULT '1',
  `parent_id` int(11) DEFAULT NULL,
  `content_id` int(11) DEFAULT NULL,
  `type` tinyint(3) UNSIGNED DEFAULT NULL,
  `isActive` tinyint(4) NOT NULL DEFAULT '1',
  `created_at` timestamp NULL DEFAULT NULL,
  `updated_at` timestamp NULL DEFAULT NULL
) ENGINE=InnoDB DEFAULT CHARSET=utf8mb4 COLLATE=utf8mb4_unicode_ci;

-- --------------------------------------------------------

--
-- Table structure for table `migrations`
--

CREATE TABLE `migrations` (
  `id` int(10) UNSIGNED NOT NULL,
  `migration` varchar(191) COLLATE utf8mb4_unicode_ci NOT NULL,
  `batch` int(11) NOT NULL
) ENGINE=InnoDB DEFAULT CHARSET=utf8mb4 COLLATE=utf8mb4_unicode_ci;

-- --------------------------------------------------------

--
-- Table structure for table `password_resets`
--

CREATE TABLE `password_resets` (
  `email` varchar(191) COLLATE utf8mb4_unicode_ci NOT NULL,
  `token` varchar(191) COLLATE utf8mb4_unicode_ci NOT NULL,
  `created_at` timestamp NULL DEFAULT NULL
) ENGINE=InnoDB DEFAULT CHARSET=utf8mb4 COLLATE=utf8mb4_unicode_ci;

-- --------------------------------------------------------

--
-- Table structure for table `permissions`
--

CREATE TABLE `permissions` (
  `id` int(10) UNSIGNED NOT NULL,
  `name` varchar(191) COLLATE utf8mb4_unicode_ci NOT NULL,
  `display_name` varchar(191) COLLATE utf8mb4_unicode_ci DEFAULT NULL,
  `description` varchar(191) COLLATE utf8mb4_unicode_ci DEFAULT NULL,
  `category_permission_id` int(10) UNSIGNED NOT NULL,
  `created_at` timestamp NULL DEFAULT NULL,
  `updated_at` timestamp NULL DEFAULT NULL
) ENGINE=InnoDB DEFAULT CHARSET=utf8mb4 COLLATE=utf8mb4_unicode_ci;

--
-- Dumping data for table `permissions`
--

INSERT INTO `permissions` (`id`, `name`, `display_name`, `description`, `category_permission_id`, `created_at`, `updated_at`) VALUES
(1, 'role-list', 'Xem Danh Sách Quyền', 'Được Xem Danh Sách Quyền', 1, '2018-03-14 07:32:41', '2018-03-14 07:32:41'),
(2, 'role-create', 'Tạo Quyền Mới', 'Được Tạo Quyền Mới', 1, '2018-03-14 07:32:41', '2018-03-14 07:32:41'),
(3, 'role-edit', 'Cập Nhật Quyền', 'Được Cập Nhật Quyền', 1, '2018-03-14 07:32:41', '2018-03-14 07:32:41'),
(4, 'role-delete', 'Xóa Quyền', 'Được Xóa Quyền', 1, '2018-03-14 07:32:41', '2018-03-14 07:32:41'),
(5, 'user-list', 'Xem Danh Sách Users', 'Được Xem Danh Sách Users', 2, '2018-03-14 07:32:41', '2018-03-14 07:32:41'),
(6, 'user-create', 'Tạo User', 'Được Tạo User Mới', 2, '2018-03-14 07:32:41', '2018-03-14 07:32:41'),
(7, 'user-edit', 'Cập Nhật User', 'Được Cập Nhật User', 2, '2018-03-14 07:32:41', '2018-03-14 07:32:41'),
(8, 'user-delete', 'Xóa user', 'Được Xóa User', 2, '2018-03-14 07:32:41', '2018-03-14 07:32:41'),
(9, 'menu-list', 'Toàn Quyền Menu', 'Được Toàn Quyền Menu', 3, '2018-03-14 07:32:41', '2018-03-14 07:32:41'),
(10, 'menu-create', 'Thêm Mới Menu', 'Được Thêm Mới Menu', 3, '2018-03-14 07:32:42', '2018-03-14 07:32:42'),
(11, 'menu-edit', 'Cập Nhật Menu', 'Được Cập Nhật Menu', 3, '2018-03-14 07:32:42', '2018-03-14 07:32:42'),
(12, 'menu-delete', 'Xóa Menu', 'Được Xóa Menu', 3, '2018-03-14 07:32:42', '2018-03-14 07:32:42'),
(13, 'page-list', 'Toàn Quyền Trang', 'Được Toàn Quyền Trang', 4, '2018-03-14 07:32:42', '2018-03-14 07:32:42'),
(14, 'page-create', 'Thêm Mới Trang', 'Được Thêm Mới Trang', 4, '2018-03-14 07:32:42', '2018-03-14 07:32:42'),
(15, 'page-edit', 'Cập Nhật Trang', 'Được Cập Nhật Trang', 4, '2018-03-14 07:32:42', '2018-03-14 07:32:42'),
(16, 'page-delete', 'Xóa Trang', 'Được Xóa Trang', 4, '2018-03-14 07:32:42', '2018-03-14 07:32:42'),
(17, 'post-list', 'Toàn Quyền Bài Viết', 'Được Toàn Quyền Bài Viết', 5, '2018-03-14 07:54:54', '2018-03-14 07:54:54'),
(18, 'post-create', 'Thêm Mới Bài Viết', 'Được Thêm Mới Bài Viết', 5, '2018-03-14 07:54:54', '2018-03-14 07:54:54'),
(19, 'post-edit', 'Cập Nhật Bài Viết', 'Được Cập Nhật Bài Viết', 5, '2018-03-14 07:54:54', '2018-03-14 07:54:54'),
(20, 'post-delete', 'Xóa Bài Viết', 'Được Xóa Bài Viết', 5, '2018-03-14 07:54:54', '2018-03-14 07:54:54'),
(21, 'product-list', 'Toàn Quyền Sản Phẩm', 'Được Toàn Quyền Sản Phẩm', 7, '2018-03-27 03:06:34', '2018-03-27 03:06:34'),
(22, 'product-create', 'Thêm Mới Sản Phẩm', 'Được Thêm Mới Sản Phẩm', 7, '2018-03-27 03:06:34', '2018-03-27 03:06:34'),
(23, 'product-edit', 'Cập Nhật Sản Phẩm', 'Được Cập Nhật Sản Phẩm', 7, '2018-03-27 03:06:34', '2018-03-27 03:06:34'),
(24, 'product-delete', 'Xóa Sản Phẩm', 'Được Xóa Sản Phẩm', 7, '2018-03-27 03:06:34', '2018-03-27 03:06:34');

-- --------------------------------------------------------

--
-- Table structure for table `permission_role`
--

CREATE TABLE `permission_role` (
  `permission_id` int(10) UNSIGNED NOT NULL,
  `role_id` int(10) UNSIGNED NOT NULL
) ENGINE=InnoDB DEFAULT CHARSET=utf8mb4 COLLATE=utf8mb4_unicode_ci;

--
-- Dumping data for table `permission_role`
--

INSERT INTO `permission_role` (`permission_id`, `role_id`) VALUES
(1, 1),
(2, 1),
(3, 1),
(4, 1),
(5, 1),
(6, 1),
(7, 1),
(8, 1),
(9, 1),
(10, 1),
(11, 1),
(12, 1),
(13, 1),
(14, 1),
(15, 1),
(16, 1),
(17, 1),
(18, 1),
(19, 1),
(20, 1),
(21, 1),
(22, 1),
(23, 1),
(24, 1);

-- --------------------------------------------------------

--
-- Table structure for table `posts`
--

CREATE TABLE `posts` (
  `id` int(10) UNSIGNED NOT NULL,
  `title` varchar(191) COLLATE utf8mb4_unicode_ci NOT NULL,
  `path` varchar(191) COLLATE utf8mb4_unicode_ci NOT NULL,
  `description` longtext COLLATE utf8mb4_unicode_ci,
  `content` longtext COLLATE utf8mb4_unicode_ci NOT NULL,
  `image` varchar(191) COLLATE utf8mb4_unicode_ci DEFAULT NULL,
  `seo_title` varchar(191) COLLATE utf8mb4_unicode_ci DEFAULT NULL,
  `seo_description` longtext COLLATE utf8mb4_unicode_ci,
  `seo_keywords` varchar(191) COLLATE utf8mb4_unicode_ci DEFAULT NULL,
  `post_type` tinyint(3) UNSIGNED NOT NULL DEFAULT '0',
  `isActive` tinyint(1) NOT NULL DEFAULT '1',
  `category_item_id` int(11) DEFAULT NULL,
  `user_id` int(10) UNSIGNED NOT NULL,
  `created_at` timestamp NULL DEFAULT NULL,
  `updated_at` timestamp NULL DEFAULT NULL
) ENGINE=InnoDB DEFAULT CHARSET=utf8mb4 COLLATE=utf8mb4_unicode_ci;

--
-- Dumping data for table `posts`
--

INSERT INTO `posts` (`id`, `title`, `path`, `description`, `content`, `image`, `seo_title`, `seo_description`, `seo_keywords`, `post_type`, `isActive`, `category_item_id`, `user_id`, `created_at`, `updated_at`) VALUES
(1, 'Học Làm Bánh Mì Sừng Bò Croissant', 'hoc-lam-banh-mi-sung-bo-croissant', '<p>\r\n	Học Làm Bánh Mì Sừng Bò Croissant\r\n</p>', '<div class="noidungchitiet">\r\n	<p style="text-align: justify;">\r\n		Học làm bánh mì sừng bò croissant là một lạo bánh mì Pháp, nó có hình dạng giống với hình sừng con bò, nên được gọi là bánh mì sừng bò. Ngoài hình dạng gây sự tò mò cho người ăn, bánh mì này còn có hương vị ngọt ngào, thơm ngon và đầy chất quyến rủ. Nói chung cách làm loại bánh này không khó, cốt yếu là bạn phải chịu khó và có độ kiên nhẫn trong quá trình làm. Hôm nay mình sẽ hưỡng dân các bạn học làm bành mì sừng bò croissant, nó cũng gần giống các loại bánh khác, nhưng cách pha chết, liều lượng và cách tiến hành có hơi khác một chút thôi, chứ cơ bản là giống nhau cả.\r\n	</p>\r\n\r\n	<h2 style="text-align: justify;">\r\n		Nguyên liêu: Các bạn học làm bánh mì<a data-mce-href="http://dayhoclambanh.edu.vn/sp/hoc-lam-banhhoc-lam-banh-mi-hoc-lam-banh-kem-hoc-lam-banhhoc-lam-banh-mi-hoc-lam-banh-kem/1/v=0/hoc-lam-banh-mi.html" href="http://dayhoclambanh.edu.vn/sp/hoc-lam-banhhoc-lam-banh-mi-hoc-lam-banh-kem-hoc-lam-banhhoc-lam-banh-mi-hoc-lam-banh-kem/1/v=0/hoc-lam-banh-mi.html">﻿</a> sừng bò croissant cần chuẩn bị các nguyên liệu sau:\r\n	</h2>\r\n\r\n	<ul style="text-align: justify; margin-left: 40px;">\r\n		<li>\r\n			Bột mì: 500 gam.\r\n		</li>\r\n		<li>\r\n			Men khô: 15 gam.\r\n		</li>\r\n		<li>\r\n			Đường: 90 gam.\r\n		</li>\r\n		<li>\r\n			Muối: 15 gam.\r\n		</li>\r\n		<li>\r\n			Sữa ấm: 300 ml.\r\n		</li>\r\n		<li>\r\n			Bơ: 340 gam.\r\n		</li>\r\n		<li>\r\n			Bột nở.\r\n		</li>\r\n		<li>\r\n			Trứng gà: 1 quả.\r\n		</li>\r\n	</ul>\r\n\r\n	<h2 style="text-align: center;">\r\n		&nbsp;\r\n	</h2>\r\n\r\n	<p style="text-align: center;">\r\n		<a data-mce-href="http://dayhoclambanh.edu.vn/hoc-lam-banh-kem-d2.html" href="http://dayhoclambanh.edu.vn/hoc-lam-banh-kem-d2.html"><img alt="hoc_lam_banh_mi_sung_bo_2" data-mce-src="http://dayhoclambanh.edu.vn/files/assets/Hoclambanhmi/hoc_lam_banh_mi_sung_bo_2.jpg" src="http://localhost:8080/hoclambanh/images/uploads/images/hoclambanhmi/hoc_lam_banh_mi_sung_bo_2.jpg" style="width: 70%; height: 70%;"></a>\r\n	</p>\r\n\r\n	<h3 style="text-align: center;">\r\n		<em>học làm bánh mì sừng bò</em>\r\n	</h3>\r\n\r\n	<h2 style="text-align: justify;">\r\n		Cách làm: Người học làm bánh mì sừng bò croissant cần chú ý cách làm.\r\n	</h2>\r\n\r\n	<p style="text-align: justify;">\r\n		Đâu tiền lấy 2 miếng bao bóng trải chồng lên nhau trên mặt bàn, rồi cho bơ vào giữa, dùng dụng cụ cán bột, cán bơ cho phẳng, làm sao bơ đạt kích cỡ 20x 25 cm rồi gói bơ bằng 2 miếng túi bóng đó, đặt vào tủ lạnh.\r\n	</p>\r\n\r\n	<p style="text-align: justify;">\r\n		Bước tiếp theo người học làm bánh mì sừng bò croissant cần tiến hành là lấy một cái tô sạch rồi cho bột mì, đường, muối, men nở, sữa vào rồi tiến hành trộn đều, bạn có thể dùng máy đánh trứng để trộn, lúc nào thu được một hỗn hợp mịn, dẻo là quá trình đánh bột đã thành công. Tiếp đến lấy một cái tô lớn hơn một chút, rồi phủ một lớp bộ khô lên tô ấy, rồi phủ khăn lên trên, sau đó lấy hỗn hợp bột ta vừa làm ở trên cho vào cái khăn đó rồi ủ lại, càng lâu càng tốt vì lâu thì bánh càng ngon, mình thường làm khoảng 1,5 đến 2 tiếng đồng hồ.\r\n	</p>\r\n\r\n	<p style="text-align: justify;">\r\n		Tiếp đến ta cán bột sao cho đều và mịn và mỏng, cán càng kĩ thì càng tốt vì cán kĩ từng nào thì bánh càng ngon từng ấy.Sau đó lấy bơ ra, đặt vào khối bột đã cán mỏng, rồi cuộn bột lại bọ cho bơ nằm trong rồi cán tiếp và cán mỏng khối hỗn hợp ra, sau đó lấy giấy bóng bọc lại và cho vào tủ lạnh. Sau khoảng 25 đến 30 phút lấy ra cán lại và cứ thế cho đến 3 lần. Đây có lẽ là thao tác cần sự kiên trì của người học làm bánh mì sừng bò croissant vì nó vừa lâu và tỉ mỉ. Giờ lấy hỗn hợp bột ra và chia làm 2 phần bằng nhau, rồi rắc một lớp bột khô lên mặt để cán và cần cán đều tay đến khi khối bột dày khoảng 0,5 cm. Bước tiếp theo người học làm bánh mì cẩn thận cắt thành những hình chữ nhật dài, rồi từ hình chữ nhật cắt thành các hình tam giác tùi vào sở thích của bạn, sau đó tiến hành tạo hình. Người học làm bánh mì sừng bò croissant cuộn những miếng bột hình tam giác, uốn công bột để tạo thành hình sừng bò.\r\n	</p>\r\n\r\n	<p style="text-align: justify;">\r\n		Bước cuối cùng là nướng bánh, ta bật lò nướng lên ở 300 độ c, rồi xếp bánh vào khay, dùng trứng đã đánh và thêm một ít nước rồi xuốc lên mặt bánh rồi cho bánh vào lò. Nướng bánh khoảng 15 đến 20 phút đến lúc bánh nỏ và có màu vàng nâu là quá trình làm bánh đã thành công.\r\n	</p>\r\n\r\n	<p style="text-align: center;">\r\n		&nbsp;\r\n	</p>\r\n\r\n	<p style="text-align: center;">\r\n		<a data-mce-href="http://dayhoclambanh.edu.vn/hoc-lam-banh-mi-bang-lo-vi-song-id61.html" href="http://dayhoclambanh.edu.vn/hoc-lam-banh-mi-bang-lo-vi-song-id61.html"><img alt="hoc_lam_banh_mi_sung_bo_1" data-mce-src="http://dayhoclambanh.edu.vn/files/assets/Hoclambanhmi/hoc_lam_banh_mi_sung_bo_1.jpg" src="http://localhost:8080/hoclambanh/images/uploads/images/hoclambanhmi/hoc_lam_banh_mi_sung_bo_1.jpg" style="width: 70%; height: 70%;"></a>\r\n	</p>\r\n\r\n	<h3 style="text-align: center;">\r\n		<em>học làm bánh mì sừng bò</em>\r\n	</h3>\r\n</div>', 'images/uploads/images/hoclambanhmi/hoc-lam-banh-mi-sung-bo-croissant.jpg', 'Học Làm Bánh Mì Sừng Bò Croissant', 'Học Làm Bánh Mì Sừng Bò Croissant', 'Học Làm Bánh Mì Sừng Bò Croissant', 1, 1, 1, 1, '2018-06-12 03:00:31', '2018-06-13 14:26:15'),
(2, 'Học Làm Bánh Mì Sừng Trâu', 'hoc-lam-banh-mi-sung-trau', '<p>\r\n	Học Làm Bánh Mì Sừng Trâu\r\n</p>', '<div class="noidungchitiet">\r\n	<p style="text-align: justify;">\r\n		chào các bạn, như những chủ đề học làm bánh mì trước, hôm nay mình sẽ làm một chủ đề mới về chủ đề bánh mì, nhưng nó chủ đề lài chỉ khác chủ đề mà các bạn đã học trước kia là về hình dạng của bánh mà bạn muốn làm thôi, nhưng cách làm thì có khác đôi chút, nhưng chính sự khác biết này, tạo nên nét đặc trung của bánh, cộng với một vài thao tác nữa, ta sẽ có một sản phẩm mĩ mãn, mang lại doanh thu cũng như tiết kiệm chi tiêu cho gia đình đồng thời đáp ứng nhu cầu đam mê, sở thích của những người có sở thích làm bánh mì,chính vì vậy mà hôm nay mình hướng dẫn các bạn học làm bánh mì ngọt sừng trâu cách làm\r\n	</p>\r\n\r\n	<h2 style="text-align: justify;">\r\n		Nguyên liệu: Các bạn học làm bánh mì ngọt sừng trâu cần chuẩn bị các nguyên liệu.\r\n	</h2>\r\n\r\n	<p style="text-align: justify;">\r\n		Nguyên liệu ta không\r\n	</p>\r\n\r\n	<ul style="text-align: justify;">\r\n		<li>\r\n			Bột mì: 240 gam.\r\n		</li>\r\n		<li>\r\n			Bột nở: 60 gam.\r\n		</li>\r\n		<li>\r\n			Muối :5 gam.\r\n		</li>\r\n		<li>\r\n			Đường 15 gam.\r\n		</li>\r\n		<li>\r\n			Men khô làm bánh:6 gam.\r\n		</li>\r\n		<li>\r\n			Sữa tươi: 190 ml.\r\n		</li>\r\n		<li>\r\n			Bơ: 150 gam.\r\n		</li>\r\n		<li>\r\n			Trứng gà 1 quả.\r\n		</li>\r\n	</ul>\r\n\r\n	<h3 style="text-align: center;">\r\n		<a data-mce-href="http://dayhoclambanh.edu.vn/hoc-lam-banh-kem-d2.html" href="http://dayhoclambanh.edu.vn/hoc-lam-banh-kem-d2.html"><img alt="hoc_lam_banh_mi_sung_trau_1" data-mce-src="http://dayhoclambanh.edu.vn/files/assets/Hoclambanhmi/hoc_lam_banh_mi_sung_trau_1.jpg" src="http://localhost:8080/hoclambanh/images/uploads/images/hoclambanhmi/hoc_lam_banh_mi_sung_trau_1.jpg" style="height: 70%; width: 70%;"></a>\r\n	</h3>\r\n\r\n	<h3 style="text-align: center;">\r\n		<em>học làm bánh mì trừng trâu</em>\r\n	</h3>\r\n\r\n	<h2 style="text-align: justify;">\r\n		Cách làm: Người học làm bánh mì ngọt sừng trâu cần chú ý cách làm:\r\n	</h2>\r\n\r\n	<p style="text-align: justify;">\r\n		Đầu tiên ta cần làm là trộn bột mì, đường, sữa, muối và men trong một cái tô sạch, nếu có máy xay sinh tô ta có thể dùng máy xay sinh tố đánh bột sao cho thu được bột dẹo và nhuyễn. Sau khi đã trộn xong thì mình tiến hành ủ bột khoảng 15 đến 20 phút, nhưng nếu bạn ủ lâu hơn càng tốt, vì càng ủ nhiều thì ta thu được bánh càng ngon. Bước tiếp theo, người học làm bánh mì ngọt sừng trâu cần tao tác là với bo, ta lấy một tấm nilon mỏng, trải ra và cho bơ vào rồi dùng cán bột gặt cho phẳng, đặt trong kích thước khoảng 20x25 cm, rồi cho vào tủ mát dăm phút.\r\n	</p>\r\n\r\n	<p style="text-align: justify;">\r\n		Sau đó lấy bơ ra, cho bơ vào giữa rồi dùng cái cán bột, cán phẳng rồi cho gấp vào và lấy túi bóng bọc kinh và để vào tủ lạnh, đợi khoảng 25 đến 30 phút thì lấy ra cán đều rồi tiếp tục cho vào đủ lạnh đợi thêm khoảng 30 phút nữa, rồi tiếp tục lấy ra cán rồi bỏ vào tư như vậy, tông cộng người học làm bánh mì ngọt sừng trâu cần tiến hành là 3 lần thao tác như vậy.\r\n	</p>\r\n\r\n	<p style="text-align: justify;">\r\n		Sau khi quá trình ủ bột xong, ta lấy bột ra và tiến hành chia làm 2 phần rồi cán bột mỏng, rồi sau đó tiên hành chia bánh thành những hình tam giác, tùy vào kích thước mà người làm bánh yêu thích như thế nào, rồi dùng những tam giác đó uốn công để tạo thành hình sừng trâu như mình mong muốn.\r\n	</p>\r\n\r\n	<p style="text-align: justify;">\r\n		Tiếp đến là đập trứng, dùng chổi quét trứng quét lên mặt bánh. Sau khi quết trứng lên bánh xong, bật lò nướng ở nhiệt độ 200 độ c trước 5 phút rồi cho bánh vào, đợi khoảng 15 phút là bánh chính và ta có thể tiến hành ăn\r\n	</p>\r\n\r\n	<p style="text-align: center;">\r\n		<a data-mce-href="http://dayhoclambanh.edu.vn/cung-nhau-hoc-lam-banh-mi-con-cua-id64.html" href="http://dayhoclambanh.edu.vn/cung-nhau-hoc-lam-banh-mi-con-cua-id64.html"><img alt="hoc_lam_banh_mi_sung_trau_2" data-mce-src="http://dayhoclambanh.edu.vn/files/assets/Hoclambanhmi/hoc_lam_banh_mi_sung_trau_2.jpg" src="http://localhost:8080/hoclambanh/images/uploads/images/hoclambanhmi/hoc_lam_banh_mi_sung_bo_2.jpg" style="height: 70%; width: 70%;"></a>\r\n	</p>\r\n\r\n	<h3 style="text-align: center;">\r\n		<em>học làm bánh mì trừng trâu</em>\r\n	</h3>\r\n</div>', 'images/uploads/images/hoclambanhmi/hoc-lam-banh-mi-sung-trau.jpg', 'Học Làm Bánh Mì Sừng Trâu', 'Học Làm Bánh Mì Sừng Trâu', 'Học Làm Bánh Mì Sừng Trâu', 1, 1, 1, 1, '2018-06-12 03:07:35', '2018-06-12 03:07:35'),
(3, 'Học Làm Bánh Mì Sữa', 'hoc-lam-banh-mi-sua', '<p>\r\n	Học Làm Bánh Mì Sữa\r\n</p>', '<div class="noidungchitiet">\r\n	<p style="text-align: justify;">\r\n		Bánh mì sữa là một loại bánh rất ngon và rất được đông đảo mới người ưa chuộng, và hôm trước mình có làm một chủ đề về học làm bánh mì sữa, chuyên đề đó mình đã hướng dẫn phương pháp tiến hành khi đọc tài liệu của mình và tự học làm bánh mì sữa được mà không cần tới tận cơ sở đào tạo của mình mà vẫn có những cái bánh mì sữa ngon như ý muốn, vừa đảm bảo chất lượng, mang đến cho gia đình cũng như người thân những bữa ăn đầy ắp niềm vui hạnh phúc cùng với niềm tự hòa về tài nang của mình khi được mọi người cảm nhận về nó.\r\n	</p>\r\n\r\n	<h2 style="text-align: justify;">\r\n		Nguyên liêu: Người tực học làm bánh mì sữa cần chuần bị các nguyên liệu sau:\r\n	</h2>\r\n\r\n	<p style="text-align: justify;">\r\n		Các bạn cần chuẩn bị đầy đủ nguyên liệu trước khi bắt tay vào làm, và tuy rằng mỗi người có một công thức khác nhau, nhưng với những bạn đã muốn học theo mình thì cần tuân thủ theo những thành phần mình đã đưa ra nhé, nguyên liệu bao gồm:\r\n	</p>\r\n\r\n	<ul style="text-align: justify;">\r\n		<li>\r\n			460 gam bột mì.\r\n		</li>\r\n		<li>\r\n			300 ml sữa tươi không đường.\r\n		</li>\r\n		<li>\r\n			6 gam men nở.\r\n		</li>\r\n		<li>\r\n			25 gam đường trắng.\r\n		</li>\r\n		<li>\r\n			40 ml dầu ăn.\r\n		</li>\r\n		<li>\r\n			&frac12; thìa cà phê muôi.\r\n		</li>\r\n		<li>\r\n			30 gam bơ.\r\n		</li>\r\n		<li>\r\n			1 đến 2 quả trứng.\r\n		</li>\r\n		<li>\r\n			Khuôn làm bánh.\r\n		</li>\r\n	</ul>\r\n\r\n	<p style="text-align: center;">\r\n		<a data-mce-href="http://dayhoclambanh.edu.vn/hoc-lam-banh-mi-kep-trung-id67.html" href="http://dayhoclambanh.edu.vn/hoc-lam-banh-mi-kep-trung-id67.html"><img alt="tu_hoc_lam_banh_mi_sua_1" data-mce-src="http://dayhoclambanh.edu.vn/files/assets/Hoclambanhmi/tu_hoc_lam_banh_mi_sua_1.jpg" src="http://localhost:8080/hoclambanh/images/uploads/images/hoclambanhmi/tu_hoc_lam_banh_mi_sua_1.jpg" style="height: 70%; width: 70%;"></a>\r\n	</p>\r\n\r\n	<h3 style="text-align: center;">\r\n		<em>Tự học làm bánh mì sữa</em>\r\n	</h3>\r\n\r\n	<h2 style="text-align: justify;">\r\n		Cách làm: Người tự học làm bánh mì sữa cần chú ý cách làm.\r\n	</h2>\r\n\r\n	<p style="text-align: justify;">\r\n		Đầu tiên là ta tiến hành chế nguyên liệu làm bánh mì sữa trươc: Ta bắt đầu lăm, lấy một cái chảo, cho lên bếp bật với ngọn lửa nhỏ rồi cho bơ vào, để bơ tan hết. Sau đó mình đập trứng vào bát rồi đánh tan đều. Bước tiếp đến là đung sửa nóng ở 40 độ c, rồi cho đường, men nở, muối vào đợi 10 phút cho men nở .\r\n	</p>\r\n\r\n	<p style="text-align: justify;">\r\n		Bước tiếp thoe người tự học làm bánh mì sữa tiến hành làm bánh mì. Đâu tiên cho bột vào tô, rồi từ từ cho men nở vào, rồi lấy một ít dầu ăn xoa tay để trành tình trạng tay dính bột, rồi cho một ít dầu ăn vào hỗn hợp bột và tiếp hành dùng tay bóp cho đến lúc thu được một khối bột mịn nhuyễn. Cần chú ý là cần cho nhiều sữa một chút để bột những và hơi nhão một chút. Bước tiếp theo là dùng một cái khăn sạch, nhúng nước ấm rồi phủ lên khối bột. Dùng một cái dụng cụ khác lớn hơn tô bột, rồi đổ nước ấm vào, sau đó cho tô bột đặt vào trong, đợi cho đến lúc khối bột tăng lên gấp đôi, thường thì tầm 40 phút là khối bột nở đạt yêu cầu. Bước tiếp đến người tự học làm bánh mì sữa cần thực hiện là lấy khối bột ra, đặt lên phản và dùng cán bột cán cho phẳng và có bề dàu 4&nbsp; đển 5mm, sau đó dùng khuôn cắt thành từng khoanh tròn. Tiếp đến lấy bơ quét lên bánh rồi cho vào khuôn, rồi lại quét tiếp theo rồi đặt vào bánh và cứ thế xếp thành hình tròn.&nbsp; Người học làm bánh mì sữa lấy trứng quét lên mặt bánh, để khoảng 15 phút sau cho bánh vào lò nứng nướng rồi bật lò lên ở nhiệt độ 180 độ c, đợi khoảng 25 đến 30 phút cho bánh chính chuyển sang màu vàng rồi lấy bánh ra. vậy là các bạn tự học làm bánh mì sữa đã hoàn thành, hy vọng các bạn sẽ thu được những bài học bổ ích và tự làm được những cái bánh ngon như ý muốn.\r\n	</p>\r\n\r\n	<p style="text-align: center;">\r\n		&nbsp;\r\n	</p>\r\n\r\n	<p style="text-align: center;">\r\n		<a data-mce-href="http://dayhoclambanh.edu.vn/hoc-lam-banh-mi-bang-lo-vi-song-id61.html" href="http://dayhoclambanh.edu.vn/hoc-lam-banh-mi-bang-lo-vi-song-id61.html"><img alt="tu_hoc_lam_banh_mi_sua_2" data-mce-src="http://dayhoclambanh.edu.vn/files/assets/Hoclambanhmi/tu_hoc_lam_banh_mi_sua_2.jpg" src="http://localhost:8080/hoclambanh/images/uploads/images/hoclambanhmi/tu_hoc_lam_banh_mi_sua_2.jpg" style="height: 70%; width: 70%;"></a>\r\n	</p>\r\n\r\n	<p style="text-align: center;">\r\n		<em>Tự học làm bánh mì﻿ sữa</em>\r\n	</p>\r\n</div>', 'images/uploads/images/hoclambanhmi/tu-hoc-lam-banh-mi-sua.jpg', 'Học Làm Bánh Mì Sữa', 'Học Làm Bánh Mì Sữa', 'Học Làm Bánh Mì Sữa', 1, 1, 1, 1, '2018-06-12 03:09:14', '2018-06-12 03:10:56'),
(4, 'Học Làm Bánh Mì Kẹp Trứng', 'hoc-lam-banh-mi-kep-trung', '<p>\r\n	Học Làm Bánh Mì Kẹp Trứng\r\n</p>', '<div class="noidungchitiet">\r\n	<p style="text-align: justify;">\r\n		Hôm trước mình đã hướng dẫn các bạn học làm bánh mì trứng ngon vô đối, hôm nay mình sẽ hướng dẫn các bạn một phương pháp làm mới đó là học làm bánh mì<a data-mce-href="http://dayhoclambanh.edu.vn/sp/hoc-lam-banhhoc-lam-banh-mi-hoc-lam-banh-kem-hoc-lam-banhhoc-lam-banh-mi-hoc-lam-banh-kem/1/v=0/dayhoclambanh-edu-vn-sp-hoc-lam-banhhoc-lam-banh-mi-hoc-lam-banh-kem-hoc-lam-banhhoc-lam-banh-mi-hoc-lam-banh-kem-1-v0-hoc-lam-banh-mi-gia-re-html.html" href="sp/hoc-lam-banhhoc-lam-banh-mi-hoc-lam-banh-kem-hoc-lam-banhhoc-lam-banh-mi-hoc-lam-banh-kem/1/v=0/dayhoclambanh-edu-vn-sp-hoc-lam-banhhoc-lam-banh-mi-hoc-lam-banh-kem-hoc-lam-banhhoc-lam-banh-mi-hoc-lam-banh-kem-1-v0-hoc-lam-banh-mi-gia-re-html.html">﻿</a> kẹp trứng. Sở dĩ về chủ đề bánh mì mình có tới 2 bài hướng dẫn về nó là vì làm bánh mì không khó, nhưng và có nhiều cách để làm, nhưng mình làm nhiều như vậy là để các bạn có một cách nhìn tổng thể và rút ra được những cái hợp lý nhất để mang đến những sản phẩm hay nhất, hiệu quả nhất và bền vững nhất cho mình để cho ra lò những cái bánh ngon và đạt hiệu quả.\r\n	</p>\r\n\r\n	<h2 style="text-align: justify;">\r\n		Nguyên liệu: Nguyên liệu học làm bánh mì kẹp trứng.\r\n	</h2>\r\n\r\n	<p style="text-align: justify;">\r\n		Như ta đã biết nguyên liệu rất quan trọng, nên khi tiến hành làm, mình cần tiền hành chuẩn bị nguyên liệu thật đầy đủ và đảm bảo chất lướng cũng như quá trình tiến hành làm được nhanh, gọn và đảm bảo chất lượng. Dưới đây là nguyên liệu các bạn cần chuẩn bị:\r\n	</p>\r\n\r\n	<ul style="text-align: justify;">\r\n		<li>\r\n			Một cái bánh mì thường.\r\n		</li>\r\n		<li>\r\n			Cà chua một quả nhỏ.\r\n		</li>\r\n		<li>\r\n			Trứng gà một quả.\r\n		</li>\r\n		<li>\r\n			Ngoài ra các bạn chuẩn bị thêm các nguyên liệu như bơ, dưa leo, rau mùi, hành lá, hạt tiêu đã cán mịn, mì chính, nước mắm, thịt băm đã chiên với mâm, tương ớt, tương cà, sốt mayonaise liều lượng những cái này tùy và sở thích của các bạn và cảm nhận của bạn lúc tiến hành làm vì mỗi người học làm bánh mì kẹp trứng có một sở thích khác nhau nên mình không nói rõ về những cái này.\r\n		</li>\r\n	</ul>\r\n\r\n	<h2 style="text-align: center;">\r\n		<a data-mce-href="http://dayhoclambanh.edu.vn/hoc-lam-banh-kem-d2.html" href="http://dayhoclambanh.edu.vn/hoc-lam-banh-kem-d2.html"><img alt="hoc_lam_banh_mi_kep_trung" data-mce-src="http://dayhoclambanh.edu.vn/files/assets/Hoclambanhmi/hoc_lam_banh_mi_kep_trung.jpg" src="http://localhost:8080/hoclambanh/images/uploads/images/hoclambanhmi/hoc_lam_banh_mi_kep_trung.jpg" style="height: 70%; width: 70%;"></a>\r\n	</h2>\r\n\r\n	<h3 style="text-align: center;">\r\n		<em>học làm bánh mì kẹp trứng</em>\r\n	</h3>\r\n\r\n	<h2 style="text-align: justify;">\r\n		Cách làm:Người học làm bánh﻿ mì kẹp thịt tiến hành theo mình hướng dẫn nhé.\r\n	</h2>\r\n\r\n	<p style="text-align: justify;">\r\n		Các bạn không nhất thiết phải chọn bánh mì đặc, mà mình lấy một cái bánh mì thường thôi vì nếu làm bánh mì đặc mình sẽ không thu được bánh ngon. Ta dùng dao rạch một đường theo chiều dài của bánh ở bên hông bánh, rồi phếp bơ vào bên trong, sau đó cho rau vào bên trong như rau mùi, cà chua, dưa leo.\r\n	</p>\r\n\r\n	<p style="text-align: justify;">\r\n		Bước tiếp đến người học làm bánh mì kẹp trứng lấy cái chảo, tráng qua nước nguội rồi cho dầu ăn vào, bắc lên bếp, cho nhỏ. Trong lúc đợi dầu nóng, bạn cho hành lá thái nhỏ, một ít tiêu, bột ngọt, một thìa cà phê nước mắn( cái này với mình thì mình làm nước mắm, vì nó thơm hơn, nếu các bạn không thích mùi nước mắm thì có thể dùng muối) rồi đập trứng vào đánh đều. Khi dầu đã nóng, mình cho hỗn hợp trứng vào, khi mặt dưới đã chín và mặt trên hơi se lại thì mình lật, lúc ấy trứng sẽ không bị rách, đợi tới lúc trứng chính 2 mặt thì tiếp hành gấp đôi trứng rồi cho vào bánh. Bước tiếp theo cần làm là dùng hỗn hợp thịt băm với nấm đã chuẩn bị sẵn từ trước, cho vào giữa nết gấp trứng &nbsp;rồi cho vào chảo chiên, dùng giấy hoạc dụng cụ gì đó thay thể ép bánh xuống, và trở để vỏ bánh được giòn và được chắn bánh nhưng cần chú ý không là bánh bị cháy. Bước cuối cùng người học làm bánh mì kẹp thịt cần làm là cho ớt, mayonaise vào tùy vào sở thích của người ăn. Vậy là ta đã làm xong rồi đó bạn\r\n	</p>\r\n\r\n	<p style="text-align: center;">\r\n		<a data-mce-href="http://dayhoclambanh.edu.vn/hai-cach-hoc-lam-banh-mi-kep-thit-id63.html" href="http://dayhoclambanh.edu.vn/hai-cach-hoc-lam-banh-mi-kep-thit-id63.html"><img alt="hoc_lam_banh_mi_kep_trung_1" data-mce-src="http://dayhoclambanh.edu.vn/files/assets/Hoclambanhmi/hoc_lam_banh_mi_kep_trung_1.jpg" src="http://localhost:8080/hoclambanh/images/uploads/images/hoclambanhmi/hoc_lam_banh_mi_kep_trung_1.jpg" style="height: 70%; width: 70%;"></a>\r\n	</p>\r\n\r\n	<h3 style="text-align: center;">\r\n		<em>học làm bánh mì kẹp trứng</em>\r\n	</h3>\r\n</div>', 'images/uploads/images/hoclambanhmi/hoc-lam-banh-mi-kep-trung.jpg', 'Học Làm Bánh Mì Kẹp Trứng', 'Học Làm Bánh Mì Kẹp Trứng', 'Học Làm Bánh Mì Kẹp Trứng', 1, 1, 1, 1, '2018-06-12 03:13:33', '2018-06-12 03:13:33'),
(5, 'Học Làm Bánh Mì Khoai Tây', 'hoc-lam-banh-mi-khoai-tay', '<p>\r\n	Học làm Bánh Mì Khoai Tây\r\n</p>', '<div class="noidungchitiet">\r\n	<p style="text-align: justify;">\r\n		Hôm trước mình đã hướng dẫn các bạn&nbsp; một chủ đề là học làm bánh mì khoai tây<a data-mce-href="http://dayhoclambanh.edu.vn/ct/hoc-lam-banhhoc-lam-banh-hoc-lam-banh-mi-hoc-lam-banh-kemhoc-lam-banh-mihoc-lam-banh-kem/7/hoc-lam-banh-mi-khoai-tay.html" href="http://dayhoclambanh.edu.vn/ct/hoc-lam-banhhoc-lam-banh-hoc-lam-banh-mi-hoc-lam-banh-kemhoc-lam-banh-mihoc-lam-banh-kem/7/hoc-lam-banh-mi-khoai-tay.html">﻿</a>, thì hôm nay mình&nbsp; sẽ làm một&nbsp; chủ đề cũng về khoai tây là học làm bánh mì<a data-mce-href="http://dayhoclambanh.edu.vn/sp/hoc-lam-banhhoc-lam-banh-mi-hoc-lam-banh-kem-hoc-lam-banhhoc-lam-banh-mi-hoc-lam-banh-kem/1/v=0/dayhoclambanh-edu-vn-sp-hoc-lam-banhhoc-lam-banh-mi-hoc-lam-banh-kem-hoc-lam-banhhoc-lam-banh-mi-hoc-lam-banh-kem-1-v0-hoc-lam-banh-mi-gia-re-html.html" href="http://dayhoclambanh.edu.vn/sp/hoc-lam-banhhoc-lam-banh-mi-hoc-lam-banh-kem-hoc-lam-banhhoc-lam-banh-mi-hoc-lam-banh-kem/1/v=0/dayhoclambanh-edu-vn-sp-hoc-lam-banhhoc-lam-banh-mi-hoc-lam-banh-kem-hoc-lam-banhhoc-lam-banh-mi-hoc-lam-banh-kem-1-v0-hoc-lam-banh-mi-gia-re-html.html">﻿</a> khoai tây ngon, đây là một yêu cầu rất bình thương của những người dân và cũng là một đòi hỏi của nhà sản xuất đưa ra để đảm bảo yêu cầu và đáp ứng được thị hiếu của thị trường. Làm như vậy mình mới dành được khách hang và công ty càng ngày càng phát triển và mạng lại lợi nhuận và đặc biệt là những người kinh doanh bánh mì, sẽ mang lại được những lợi ích rất tốt cho họ.\r\n	</p>\r\n\r\n	<h2 style="text-align: justify;">\r\n		Nguyên liêu: Nguyên liệu người học làm bánh mì khoai tây ngon cần chuẩn bị.\r\n	</h2>\r\n\r\n	<p style="text-align: justify;">\r\n		Nguyên liệu là rất quan trọng, nên các bạn khi chọn nguyên liệu cần biết rõ nguồn gốc và cần nắm bắt được từng thành phần của nguyên liệu để tạo được những cái bánh ngon và đảm bảo chất lượng. Nguyên liệu mình cần gồm:\r\n	</p>\r\n\r\n	<p style="text-align: justify;">\r\n		-&nbsp;&nbsp;&nbsp;&nbsp;&nbsp;&nbsp;&nbsp;&nbsp;&nbsp; Khoai tây hấp chính hoạc nghiền mịn: 300 gam.\r\n	</p>\r\n\r\n	<p style="text-align: justify;">\r\n		-&nbsp;&nbsp;&nbsp;&nbsp;&nbsp;&nbsp;&nbsp;&nbsp;&nbsp; Bơ lạt : 30 gam.\r\n	</p>\r\n\r\n	<p style="text-align: justify;">\r\n		-&nbsp;&nbsp;&nbsp;&nbsp;&nbsp;&nbsp;&nbsp;&nbsp;&nbsp; Sữa chua: 80 gam.\r\n	</p>\r\n\r\n	<p style="text-align: justify;">\r\n		-&nbsp;&nbsp;&nbsp;&nbsp;&nbsp;&nbsp;&nbsp;&nbsp;&nbsp; Bột mì: 500 gam.\r\n	</p>\r\n\r\n	<p style="text-align: justify;">\r\n		-&nbsp;&nbsp;&nbsp;&nbsp;&nbsp;&nbsp;&nbsp;&nbsp;&nbsp; Sữa tươi: 70 gam.\r\n	</p>\r\n\r\n	<p style="text-align: justify;">\r\n		-&nbsp;&nbsp;&nbsp;&nbsp;&nbsp;&nbsp;&nbsp;&nbsp;&nbsp; Muối 6,5 gam.\r\n	</p>\r\n\r\n	<p style="text-align: justify;">\r\n		-&nbsp;&nbsp;&nbsp;&nbsp;&nbsp;&nbsp;&nbsp;&nbsp;&nbsp; Trứng gà: 1 quả.\r\n	</p>\r\n\r\n	<p style="text-align: justify;">\r\n		-&nbsp;&nbsp;&nbsp;&nbsp;&nbsp;&nbsp;&nbsp;&nbsp;&nbsp; Lá hương thảo tươi thái nhỏ 60 gam.\r\n	</p>\r\n\r\n	<p style="text-align: justify;">\r\n		-&nbsp;&nbsp;&nbsp;&nbsp;&nbsp;&nbsp;&nbsp;&nbsp;&nbsp; Men nở: 5 gam.\r\n	</p>\r\n\r\n	<p style="text-align: justify;">\r\n		-&nbsp;&nbsp;&nbsp;&nbsp;&nbsp;&nbsp;&nbsp;&nbsp;&nbsp; Đường: 10 gam.\r\n	</p>\r\n\r\n	<p style="text-align: center;">\r\n		&nbsp;\r\n	</p>\r\n\r\n	<p style="text-align: center;">\r\n		<a data-mce-href="http://dayhoclambanh.edu.vn/" href="http://dayhoclambanh.edu.vn/"><img alt="hoc_lam_banh_mi_khoai_tay" data-mce-src="http://dayhoclambanh.edu.vn/files/assets/Hoclambanhmi/hoc_lam_banh_mi_khoai_tay.jpg" src="http://localhost:8080/hoclambanh/images/uploads/images/hoclambanhmi/hoc_lam_banh_mi_khoai_tay.jpg" style="height: 70%; width: 70%;"></a>\r\n	</p>\r\n\r\n	<h3 style="text-align: center;">\r\n		<em>Học làm bánh mì khoai tây ngon</em>\r\n	</h3>\r\n\r\n	<h2 style="text-align: justify;">\r\n		Cách làm: người học làm bánh mì khoai tây ngon cần chú ý cách làm.\r\n	</h2>\r\n\r\n	<p style="text-align: justify;">\r\n		Bước đầu tiền chúng ta cho khoai tây nghiền, sữa chua, và bơ nhạt vào tô rồi tiến hành trộn đều, bước tiếp theo là cho các nguyên liệu bột mì, sữa, muối, trứng, lá hương thảo, men khô, đường vào hỗn hợp khoai tây mình vừa làm ở trên rồi tiếp hành trộng đều cho đến lúc thu được hỗn hợp nhuyễn. Sau đó người học làm bánh tiến hành lấy một màng bọc thực phẩm bọc lại và để bột nở gấp 2 đến 2,5 lần. Sau lúc thu được khối bột nở như yêu cầu thì mình lấy khối bột nói trên ra rồi nhào qua lại rồi tiếp hành chia khối bột đó thành 8 phần bằng nhau và đợi 15 phút cho bột nghỉ. Thao tác tiếp mà mình cần thực hiện là dùng cái cán bột, cán từng miếng mình đã chia ra hình trong, rồi gấp các mép lại thành hình tam giác.\r\n	</p>\r\n\r\n	<p style="text-align: justify;">\r\n		Bước cuối cùng là lấy giấy lót khay rồi cho bánh vào đấy để tránh tình trạng bánh dính, rồi tiếp tục đợi bánh nở tăng lên gấp đôi. Trong lúc đợi bánh tăng gấp đôi thì mình phủ một cái khăn hoạc cho một cốc nước ấm để ủ bánh. Khi bánh đã tăng gấp đôi, người học làm bánh mì khoai tây ngon dùng dao rạch 3 đường trên chiếc bánh. Để một cọng hương thảo lên trên chiếc bánh rồi rây một ít bột lên trên, rồi cho bánh vào lò tiến hành nướng. Thế là mình đã tiến hành thành công quá trình làm bánh và ta đã thu được những chiếc bánh như ý muốn. Hy vọng các bạn sẽ có những chiếc bánh ngon và như ý muốn.\r\n	</p>\r\n\r\n	<p style="text-align: center;">\r\n		<a data-mce-href="http://dayhoclambanh.edu.vn/hoc-lam-banh-mi-oc-que-id62.html" href="http://dayhoclambanh.edu.vn/hoc-lam-banh-mi-oc-que-id62.html"><img alt="hoc_lam_banh_mi_me_2" data-mce-src="http://dayhoclambanh.edu.vn/files/assets/Hoclambanhmi/hoc_lam_banh_mi_me_2.jpg" src="http://localhost:8080/hoclambanh/images/uploads/images/hoclambanhmi/hoc_lam_banh_mi_me_2.jpg" style="height: 70%; width: 70%;"></a>\r\n	</p>\r\n\r\n	<h3 style="text-align: center;">\r\n		<em>Học làm bánh mì khoai tây ngon</em>\r\n	</h3>\r\n</div>', 'images/uploads/images/hoclambanhmi/hoc-lam-banh-mi-khoai-tay-ngon.jpg', 'Học làm Bánh Mì Khoai Tây', 'Học làm Bánh Mì Khoai Tây', 'Học làm Bánh Mì Khoai Tây', 1, 1, 1, 1, '2018-06-12 03:16:03', '2018-06-12 03:16:42'),
(6, 'Học Làm Bánh Mì Kẹp Thịt Gà Rang Sả', 'hoc-lam-banh-mi-kep-thit-ga-rang-sa', '<p>\r\n	Học Làm Bánh Mì Kẹp Thịt Gà Rang Sả\r\n</p>', '<div class="noidungchitiet">\r\n	<p style="text-align: justify;">\r\n		Học làm bánh mì kẹp thịt gà rang sả thì có lẽ chưa mấy ai được học đến và cũng rất ít người làm món này. Thực ra với món này không phải khó làm mà vấn đề là ý tưởng làm nó thì không mấy người thực hiện nó, dù đây là một món ăn ngon và mang lại nhiều hương vị cho mỗi bữa sang, vì khi ăn cho ta trải qua những đặc điểm của bánh như bên ngoài vở thì giòn tan, bên trong một chút thì xốp và mêm, vào sau bên trong thì hương vị của sả cộng với mùi thơm và vị báo của thịt gà. Chính vì thế hôm nay mình tranh thu hướng dẫn các bạn học làm bánh về chủ để này, hy vọng sau buổi này các bạn sẽ có được một món ăn và có thể cho con cháu học làm bánh mì kẹp thịt gà rang sả&nbsp; để tiếp nối ngành nghề và mang lại cho cuộc sống những bữa sáng cũng như đến cho cuộc sống nhiều hương vị và đậm nét hơn.\r\n	</p>\r\n\r\n	<h2 style="text-align: justify;">\r\n		Nguyên liệu: người học làm bánh mì kẹp thịt gà rang sả cần chuẩn bị các nguyên liệu:\r\n	</h2>\r\n\r\n	<p style="text-align: justify;">\r\n		Nguyên liệu làm thịt gà rang sả:\r\n	</p>\r\n\r\n	<p style="text-align: justify;">\r\n		-&nbsp;&nbsp;&nbsp;&nbsp;&nbsp;&nbsp;&nbsp;&nbsp;&nbsp; Thịt gà 300g.\r\n	</p>\r\n\r\n	<p style="text-align: justify;">\r\n		-&nbsp;&nbsp;&nbsp;&nbsp;&nbsp;&nbsp;&nbsp;&nbsp;&nbsp; Sả bam hoạc xay nhỏ 40g.\r\n	</p>\r\n\r\n	<p style="text-align: justify;">\r\n		-&nbsp;&nbsp;&nbsp;&nbsp;&nbsp;&nbsp;&nbsp;&nbsp;&nbsp; Đường trắng 60g.\r\n	</p>\r\n\r\n	<p style="text-align: justify;">\r\n		-&nbsp;&nbsp;&nbsp;&nbsp;&nbsp;&nbsp;&nbsp;&nbsp;&nbsp; Nước mắm 1,5 muỗng canh.\r\n	</p>\r\n\r\n	<p style="text-align: justify;">\r\n		-&nbsp;&nbsp;&nbsp;&nbsp;&nbsp;&nbsp;&nbsp;&nbsp;&nbsp; Hạt tiêu xay 1 muỗn cà phê.\r\n	</p>\r\n\r\n	<p style="text-align: justify;">\r\n		-&nbsp;&nbsp;&nbsp;&nbsp;&nbsp;&nbsp;&nbsp;&nbsp;&nbsp; Hành tăm nhỏ 2 củ.\r\n	</p>\r\n\r\n	<p style="text-align: justify;">\r\n		-&nbsp;&nbsp;&nbsp;&nbsp;&nbsp;&nbsp;&nbsp;&nbsp;&nbsp; Tỏi băm nhỏ 1 muỗn canh.\r\n	</p>\r\n\r\n	<p style="text-align: justify;">\r\n		-&nbsp;&nbsp;&nbsp;&nbsp;&nbsp;&nbsp;&nbsp;&nbsp;&nbsp; Dầu mè 1 muỗn, dầu ăn 1 muỗn,xì dầu 1 muỗn.\r\n	</p>\r\n\r\n	<p style="text-align: justify;">\r\n		Nguyên liệu làm đồ chua:\r\n	</p>\r\n\r\n	<p style="text-align: justify;">\r\n		-&nbsp;&nbsp;&nbsp;&nbsp;&nbsp;&nbsp;&nbsp;&nbsp;&nbsp; Cà rốt 1 củ.\r\n	</p>\r\n\r\n	<p style="text-align: justify;">\r\n		-&nbsp;&nbsp;&nbsp;&nbsp;&nbsp;&nbsp;&nbsp;&nbsp;&nbsp; Củ cải trắng 1 củ.\r\n	</p>\r\n\r\n	<p style="text-align: justify;">\r\n		-&nbsp;&nbsp;&nbsp;&nbsp;&nbsp;&nbsp;&nbsp;&nbsp;&nbsp; Tỏi băm 2 muốn canh.\r\n	</p>\r\n\r\n	<p style="text-align: justify;">\r\n		-&nbsp;&nbsp;&nbsp;&nbsp;&nbsp;&nbsp;&nbsp;&nbsp;&nbsp; Ớt cay băm nhiễu 2 muỗn.\r\n	</p>\r\n\r\n	<p style="text-align: justify;">\r\n		-&nbsp;&nbsp;&nbsp;&nbsp;&nbsp;&nbsp;&nbsp;&nbsp;&nbsp; Đường 2 muỗn cà phê.\r\n	</p>\r\n\r\n	<p style="text-align: justify;">\r\n		-&nbsp;&nbsp;&nbsp;&nbsp;&nbsp;&nbsp;&nbsp;&nbsp;&nbsp; Nước mắn 1 muỗng canh, muối 2 muỗn cà phê, đường 120g, giấm trắng 310 ml, và nước ấm 250 ml.\r\n	</p>\r\n\r\n	<p style="text-align: justify;">\r\n		Nguyên liệu ăn cùng bánh mì:\r\n	</p>\r\n\r\n	<p style="text-align: justify;">\r\n		-&nbsp;&nbsp;&nbsp;&nbsp;&nbsp;&nbsp;&nbsp;&nbsp;&nbsp; Sốt mayonnaise 2 muỗn canh.\r\n	</p>\r\n\r\n	<p style="text-align: justify;">\r\n		-&nbsp;&nbsp;&nbsp;&nbsp;&nbsp;&nbsp;&nbsp;&nbsp;&nbsp; Cà chua cỏ 10 quả.\r\n	</p>\r\n\r\n	<p style="text-align: justify;">\r\n		-&nbsp;&nbsp;&nbsp;&nbsp;&nbsp;&nbsp;&nbsp;&nbsp;&nbsp; Rau diếp khoảng 8 lá.\r\n	</p>\r\n\r\n	<p style="text-align: justify;">\r\n		-&nbsp;&nbsp;&nbsp;&nbsp;&nbsp;&nbsp;&nbsp;&nbsp;&nbsp; Ớt chin đỏ 2 quả.\r\n	</p>\r\n\r\n	<p style="text-align: justify;">\r\n		-&nbsp;&nbsp;&nbsp;&nbsp;&nbsp;&nbsp;&nbsp;&nbsp;&nbsp; Rau mùi 30 g.\r\n	</p>\r\n\r\n	<p style="text-align: justify;">\r\n		-&nbsp;&nbsp;&nbsp;&nbsp;&nbsp;&nbsp;&nbsp;&nbsp;&nbsp; Bánh mì thông thường 2 ổ.\r\n	</p>\r\n\r\n	<p style="text-align: center;">\r\n		&nbsp;\r\n	</p>\r\n\r\n	<p style="text-align: center;">\r\n		<a data-mce-href="http://dayhoclambanh.edu.vn/cung-nhau-hoc-lam-banh-mi-con-cua-id64.html" href="http://dayhoclambanh.edu.vn/cung-nhau-hoc-lam-banh-mi-con-cua-id64.html"><img alt="hoc_lam_banh_mi_kep_thit_ga_2" data-mce-src="http://dayhoclambanh.edu.vn/files/assets/Hoclambanhmi/hoc_lam_banh_mi_kep_thit_ga_2.jpg" src="http://localhost:8080/hoclambanh/images/uploads/images/hoclambanhmi/hoc_lam_banh_mi_kep_thit_ga_2.jpg" style="width: 70%; height: 70%;"></a>\r\n	</p>\r\n\r\n	<h3 style="text-align: center;">\r\n		<em>Học làm bánh mì kẹp thịt gà</em>\r\n	</h3>\r\n\r\n	<h2 style="text-align: justify;">\r\n		Cách làm:Người học làm bánh mì kẹp thịt gà rang sả chú ý cách làm.\r\n	</h2>\r\n\r\n	<p style="text-align: justify;">\r\n		Việc đầu tiên là mình ra chợ mua thịt gà, chọn được gà ta càng tốt, về rửa sạch thái nhỏ rồi cho vào tô, sau đó cho các gia vị đường, tỏi, hạt tiêu, hành, một muỗn dầu mè, dầu ăn một muỗn, xì dầu một muỗi vào rồi trộn đều, sau đó dùng màng bọc thực phẩm bọc lại rồi để vào tủ lạnh ướp khoảng 6 tiếng đồng hồ. Tiếp đến người học làm bánh mì kẹp thịt gà rang sả cần làm tiếp theo là bào sợ cà rốt và củ cải thành từng sợ rồi trộn đều với muốn và 2 muỗng cà phê đương rồi ướp khoảng 30 phút. Sau 30 phút bạn lấy khăn sạch, vắt kiệt nước&nbsp; của hổn hợp của cải và cà rốt mình vừa làm ở trên. Sau đó người học làm bánh cần làm đồ chua là lấy một cái tô, cho một muỗng nước mắm, 2 muỗn cà phê muối, đường 120 g , giấm 310 ml và 250 ml nước ấm vào rồi tiến hành trộn đều. Dùng một cái lọ sạch,trụng nước sôi để diệt trùng rồi lau khô. Cho tỏi, ớt, cà rốt vào trong lọ, rồi cho hỗn hợp nước vừa pha ở trên vào và đậy nắp lại cho vào tủ lạnh trong 1 tiếng.\r\n	</p>\r\n\r\n	<p style="text-align: justify;">\r\n		Tiếp đến là rửa rau sạch, cà chua cỏ cắt đôi, ớt thái mỏng. Bác chảo lên bếp, cho dầu vào bật lửa đợi cho dầu nóng ở 100 độ c thì cho bánh mì vào, đợi tới lúc bánh mì chuyển sang mày vàng và giòn đều thì lấy bánh ra.\r\n	</p>\r\n\r\n	<p style="text-align: justify;">\r\n		Bước tiếp đến người học làm bánh mì kẹp thịt gà rang sả thực hiện là lấy một cái chảo khác, cho một ít dầu vào láng cho đều rồi bắc lên bếp, cho thịt gà vào rang, cho đến lúc thịt gà săn lại và có mùi thơm thì nhác xuống và cho thịt gà ra đĩa.\r\n	</p>\r\n\r\n	<p style="text-align: justify;">\r\n		Bước cuối cùng là dùng dao chỉ dọc bánh mì rồi cho một ít sốt mayonnaise cho vào ruột bánh mì rồi dát ra đều trên ruột bánh, tiếp theo là rau diếp, thịt gà, rau mùi và nếu bạn ăn cay được thì thêm vào lát ớt nữa, rồi tới cà chua , và cuối cùng là nước sốt chua mình vừa làm ở trên\r\n	</p>\r\n\r\n	<p style="text-align: center;">\r\n		<a data-mce-href="http://dayhoclambanh.edu.vn/hoc-lam-banh-mi-cha-bong-sot-dau-trung-id58.html" href="http://dayhoclambanh.edu.vn/hoc-lam-banh-mi-cha-bong-sot-dau-trung-id58.html"><img alt="hoc_lam_banh_mi_kep_thit_ga_1" data-mce-src="http://dayhoclambanh.edu.vn/files/assets/Hoclambanhmi/hoc_lam_banh_mi_kep_thit_ga_1.jpg" src="http://localhost:8080/hoclambanh/images/uploads/images/hoclambanhmi/hoc_lam_banh_mi_kep_thit_ga_1.jpg" style="height: 70%; width: 70%;"></a>\r\n	</p>\r\n\r\n	<h3 style="text-align: center;">\r\n		<em>Học làm bánh mì ﻿kẹp thịt gà</em>\r\n	</h3>\r\n</div>', 'images/uploads/images/hoclambanhmi/hoc-lam-banh-mi-kep-thit-ga-rang-sa.jpg', 'Học Làm Bánh Mì Kẹp Thịt Gà Rang Sả', 'Học Làm Bánh Mì Kẹp Thịt Gà Rang Sả', 'Học Làm Bánh Mì Kẹp Thịt Gà Rang Sả', 1, 1, 1, 1, '2018-06-12 03:19:28', '2018-06-12 03:19:28'),
(7, 'Cùng Nhau Học Làm Bánh Mì Con Cua', 'cung-nhau-hoc-lam-banh-mi-con-cua', '<p>\r\n	Cùng Nhau Học Làm Bánh Mì Con Cua\r\n</p>', '<div class="noidungchitiet">\r\n	<p style="text-align: justify;">\r\n		Cùng nhau <strong>học làm bánh mì</strong> con cua thì cũng giống như cùng nhau làm bánh khác nhưng chỉ khác nhau về hình dạng, tạo cảm giác mới lạ, đẹp mắt, và gây nên sự thích thú và tò mò muốn thưởng thức của nhiều người, đặc biệt là các em nhỏ, vừa muốn chơi và muốn ăn những cái hình mới lạ của bánh. Chính vì vậy mà hôm nay, chúng tôi tranh thủ làm một chủ đề về bánh mì con cua để các bạn học làm bánh về kinh doanh cũng như những người muốn làm bánh cho gia đình có một sự lựa chọn và mang lại lượng khách nhiều hơn cho sản phẩm của mình.\r\n	</p>\r\n\r\n	<h2 style="text-align: justify;">\r\n		Nguyên liệu: Cùng nhau&nbsp;học làm bánh mì con cua chuẩn bị các nguyên liêu\r\n	</h2>\r\n\r\n	<p style="text-align: justify;">\r\n		Nguyên liệu là thành phần rất quan trọng và để thu được bánh ngon hay không thì liều lượng của mỗi thành phần rất quan trọng, nếu cái nhiều quá, cái ít quá sẽ làm bánh sẽ có đặc tính và hương vị sẽ khác đi, nên các bạn và tôi cùng nhau học làm bánh mì làm và tuân thủ theo những gì mà tôi đưa ra để đạt được hiệu quả nhất nhé.\r\n	</p>\r\n\r\n	<p style="text-align: justify;">\r\n		-&nbsp;&nbsp;&nbsp;&nbsp;&nbsp;&nbsp;&nbsp;&nbsp;&nbsp; 500 gam bột mì.\r\n	</p>\r\n\r\n	<p style="text-align: justify;">\r\n		-&nbsp;&nbsp;&nbsp;&nbsp;&nbsp;&nbsp;&nbsp;&nbsp;&nbsp; 120 gam đường trắng.\r\n	</p>\r\n\r\n	<p style="text-align: justify;">\r\n		-&nbsp;&nbsp;&nbsp;&nbsp;&nbsp;&nbsp;&nbsp;&nbsp;&nbsp; 5 gam muối.\r\n	</p>\r\n\r\n	<p style="text-align: justify;">\r\n		-&nbsp;&nbsp;&nbsp;&nbsp;&nbsp;&nbsp;&nbsp;&nbsp;&nbsp; 220 ml nước.\r\n	</p>\r\n\r\n	<p style="text-align: justify;">\r\n		-&nbsp;&nbsp;&nbsp;&nbsp;&nbsp;&nbsp;&nbsp;&nbsp;&nbsp; 20 gam bột sữa.\r\n	</p>\r\n\r\n	<p style="text-align: justify;">\r\n		-&nbsp;&nbsp;&nbsp;&nbsp;&nbsp;&nbsp;&nbsp;&nbsp;&nbsp; 20 gam bơ lạt.\r\n	</p>\r\n\r\n	<p style="text-align: justify;">\r\n		-&nbsp;&nbsp;&nbsp;&nbsp;&nbsp;&nbsp;&nbsp;&nbsp;&nbsp; 1 quả trứng gà.\r\n	</p>\r\n\r\n	<p style="text-align: justify;">\r\n		-&nbsp;&nbsp;&nbsp;&nbsp;&nbsp;&nbsp;&nbsp;&nbsp;&nbsp; 5 gam men ngọt.\r\n	</p>\r\n\r\n	<p style="text-align: justify;">\r\n		-&nbsp;&nbsp;&nbsp;&nbsp;&nbsp;&nbsp;&nbsp;&nbsp;&nbsp; 5 gam men nâu.\r\n	</p>\r\n\r\n	<p style="text-align: center;">\r\n		<a data-mce-href="http://dayhoclambanh.edu.vn/sp/hoc-lam-banhhoc-lam-banh-mi-hoc-lam-banh-kem-hoc-lam-banhhoc-lam-banh-mi-hoc-lam-banh-kem/2/v=0/dayhoclambanh-edu-vn-sp-hoc-lam-banhhoc-lam-banh-mi-hoc-lam-banh-kem-hoc-lam-banhhoc-lam-banh-mi-hoc-lam-banh-kem-2-v0-hoc-lam-banh-kem-html.html" href="http://dayhoclambanh.edu.vn/sp/hoc-lam-banhhoc-lam-banh-mi-hoc-lam-banh-kem-hoc-lam-banhhoc-lam-banh-mi-hoc-lam-banh-kem/2/v=0/dayhoclambanh-edu-vn-sp-hoc-lam-banhhoc-lam-banh-mi-hoc-lam-banh-kem-hoc-lam-banhhoc-lam-banh-mi-hoc-lam-banh-kem-2-v0-hoc-lam-banh-kem-html.html"><img alt="hoc_lam_banh_mi_con_cua_2" data-mce-src="files/assets/Hoclambanhmi/hoc_lam_banh_mi_con_cua_2.jpg" src="http://localhost:8080/hoclambanh/images/uploads/images/hoclambanhmi/hoc_lam_banh_mi_con_cua_2.jpg" style="height: 70%; width: 70%;"></a>\r\n	</p>\r\n\r\n	<h3 style="text-align: center;">\r\n		<em>Học làm bánh mì con cua</em>\r\n	</h3>\r\n\r\n	<h2 style="text-align: justify;">\r\n		Cách làm: Mình và các bạn cùng nhau <strong>học làm bánh mì</strong> con cua nhé.\r\n	</h2>\r\n\r\n	<p style="text-align: justify;">\r\n		Cách làm bánh mì con cua đòi hỏi sự khéo léo và sự chỉnh chu và đồng thời với đó các bạn cần tiền hành đòi hỏi sự cẩn thận và đồng thời phải có tâm trong cách làm, giờ các bạn tiến vào làm nhé.\r\n	</p>\r\n\r\n	<p style="text-align: justify;">\r\n		Bước đầu tiên người <strong>học làm bánh mì</strong> con cua cho tất cả các nguyên liệu và máy trộn hoạc cốt trộn cho đều và mịn, dẻo. Sauk hi thực hiện xong kiểm tra hỗn hợp thu được có màng mỏng, không bị rách là ta thu được hỗn hợp bột đã thành công quá trình pha trộn.\r\n	</p>\r\n\r\n	<p style="text-align: justify;">\r\n		Sau đó ta tiến hành dàn bột ra thành hình chữ nhật, rồi dàn lại thêm lần nữa, rồi quét một lớp bơ theo chiều của tấm bột, rồi tiếp hành gấp bột lại có bền dày khoảng 0,5cm, bờ ngang 3cm, tiếp đến cắt miếng bột thành hình tam giác, kéo miếng bột tam giác ở đấy là 2/3 và phần ngọn là 1/3 kéo dài ra. Tiếp đến cho miếng phô mai vào giữa và cuộn se chân rộng và se chân rộng đến hết. Quét một lớn bơ bơ ở đáy khai để con cua được định hình. Sau đó ủ bánh trong khoảng thời gian từ 90p đến 120 phút tùy vào nhiệt độ môi trường, lúc nào thấy hình con cua tăng gấp đôi là đạt yêu cầu, rồi phết trứng lên trên mặt bánh nhè nhẹ, rồi cho bánh vào khai và bật lò lên ở 200 độ c và cho khay vào lò rồi &nbsp;người <strong>học làm bánh mì</strong> tiến hành nướng khoảng 15 phút, khi thấy bánh chin thì tắt lò lấy bánh ra.\r\n	</p>\r\n\r\n	<p style="text-align: justify;">\r\n		Vậy là ta đã làm xong và nhìn lại thành quả nào, trông rất hấp dẫn và đẹp mắt đúng không nào, trông ngộ nghỉnh sẽ khiến cho người ăn thích thú và nhìn vào là muốn ăn ngay đúng không nào các bạn.\r\n	</p>\r\n\r\n	<p style="text-align: center;">\r\n		<a data-mce-href="http://dayhoclambanh.edu.vn/ct/hoc-lam-banhhoc-lam-banh-hoc-lam-banh-mi-hoc-lam-banh-kemhoc-lam-banh-mihoc-lam-banh-kem/58/hoc-lam-banh-mi-cha-bong-sot-dau-trung.html" href="http://dayhoclambanh.edu.vn/ct/hoc-lam-banhhoc-lam-banh-hoc-lam-banh-mi-hoc-lam-banh-kemhoc-lam-banh-mihoc-lam-banh-kem/58/hoc-lam-banh-mi-cha-bong-sot-dau-trung.html"><img alt="hoc_lam_banh_mi_con_cua_1" data-mce-src="files/assets/Hoclambanhmi/hoc_lam_banh_mi_con_cua_1.jpg" src="http://localhost:8080/hoclambanh/images/uploads/images/hoclambanhmi/hoc_lam_banh_mi_con_cua_1.jpg" style="height: 70%; width: 70%;"></a>\r\n	</p>\r\n\r\n	<h3 style="text-align: center;">\r\n		<em>Học làm bánh mì con cua</em>\r\n	</h3>\r\n</div>', 'images/uploads/images/hoclambanhmi/cung-nhau-hoc-lam-banh-mi-con-cua.jpg', 'Cùng Nhau Học Làm Bánh Mì Con Cua', 'Cùng Nhau Học Làm Bánh Mì Con Cua', 'Cùng Nhau Học Làm Bánh Mì Con Cua', 1, 1, 1, 1, '2018-06-12 06:31:22', '2018-06-12 06:31:22'),
(8, 'Học Làm Bánh Mì Kẹp Thịt', 'hoc-lam-banh-mi-kep-thit', '<p>\r\n	Học Làm Bánh Mì Kẹp Thịt\r\n</p>', '<div class="noidungchitiet">\r\n	<p style="text-align: justify;">\r\n		Khi nói đến hai cách học làm bánh mì kẹp thịt thì không những với những người trong ngành làm bánh tò mò mà ngay cả những người không liên quan gì đến nghề&nbsp; bánh cũng gây sự tò mò và muốn tìm hiểu, mà không tò mò sao được, xưa nay khi có một phương pháp làm thì đã khó rồi, đường này có tới hai phương pháp và lại hai pương pháp hay và tạo được niềm tin và đảm bảo được yêu cầu của những người lâu năm trong lĩnh vực làm bánh. Hôm nay mình sẽ làm một chủ để để hướng dẫn các bạn 2 phương pháp này.\r\n	</p>\r\n\r\n	<h2 style="text-align: justify;">\r\n		Nguyên liệu của 2 cách học làm bánh mì kẹp thịt.\r\n	</h2>\r\n\r\n	<p style="text-align: justify;">\r\n		Nguyên liệu chung cho 2 phương pháp.\r\n	</p>\r\n\r\n	<p style="text-align: justify;">\r\n		-&nbsp;&nbsp;&nbsp;&nbsp;&nbsp;&nbsp;&nbsp;&nbsp;&nbsp; Thịt nạc băm 250 &ndash; 300 g.\r\n	</p>\r\n\r\n	<p style="text-align: justify;">\r\n		-&nbsp;&nbsp;&nbsp;&nbsp;&nbsp;&nbsp;&nbsp;&nbsp;&nbsp; Bánh mì 1 cái cắt đôi.\r\n	</p>\r\n\r\n	<p style="text-align: justify;">\r\n		-&nbsp;&nbsp;&nbsp;&nbsp;&nbsp;&nbsp;&nbsp;&nbsp;&nbsp; Hạt tiêu cán tể 1 thìa cà phê.\r\n	</p>\r\n\r\n	<p style="text-align: justify;">\r\n		-&nbsp;&nbsp;&nbsp;&nbsp;&nbsp;&nbsp;&nbsp;&nbsp;&nbsp; Bột gia vị &frac12; thìa cà phê.\r\n	</p>\r\n\r\n	<p style="text-align: justify;">\r\n		-&nbsp;&nbsp;&nbsp;&nbsp;&nbsp;&nbsp;&nbsp;&nbsp;&nbsp; Rau mùi, xà lách.\r\n	</p>\r\n\r\n	<h2 style="text-align: justify;">\r\n		Nguyên liệu dành riêng cho từng hai cách học làm bánh mì kẹp thịt.\r\n	</h2>\r\n\r\n	<p style="text-align: justify;">\r\n		Nguyên liệu cho cách một:\r\n	</p>\r\n\r\n	<p style="text-align: justify;">\r\n		-&nbsp;&nbsp;&nbsp;&nbsp;&nbsp;&nbsp;&nbsp;&nbsp;&nbsp; Dưa chuột bao tử muối: 5 quả.\r\n	</p>\r\n\r\n	<p style="text-align: justify;">\r\n		-&nbsp;&nbsp;&nbsp;&nbsp;&nbsp;&nbsp;&nbsp;&nbsp;&nbsp; Hành tím: &frac12; củ.\r\n	</p>\r\n\r\n	<p style="text-align: justify;">\r\n		-&nbsp;&nbsp;&nbsp;&nbsp;&nbsp;&nbsp;&nbsp;&nbsp;&nbsp; Sốt samourai.\r\n	</p>\r\n\r\n	<p style="text-align: justify;">\r\n		Nguyên liệu cho cách hai:\r\n	</p>\r\n\r\n	<p style="text-align: justify;">\r\n		-&nbsp;&nbsp;&nbsp;&nbsp;&nbsp;&nbsp;&nbsp;&nbsp;&nbsp; Cà rốt &frac12; quả.\r\n	</p>\r\n\r\n	<p style="text-align: justify;">\r\n		-&nbsp;&nbsp;&nbsp;&nbsp;&nbsp;&nbsp;&nbsp;&nbsp;&nbsp; Vài lắt hành tím.\r\n	</p>\r\n\r\n	<p style="text-align: justify;">\r\n		-&nbsp;&nbsp;&nbsp;&nbsp;&nbsp;&nbsp;&nbsp;&nbsp;&nbsp; Dưa leo nhỏ 1 quả.\r\n	</p>\r\n\r\n	<p style="text-align: justify;">\r\n		-&nbsp;&nbsp;&nbsp;&nbsp;&nbsp;&nbsp;&nbsp;&nbsp;&nbsp; Nước cốt chanh hoạc dâm 1 thìa cà phê.\r\n	</p>\r\n\r\n	<p style="text-align: justify;">\r\n		-&nbsp;&nbsp;&nbsp;&nbsp;&nbsp;&nbsp;&nbsp;&nbsp;&nbsp; Pho mát 1 miếng.\r\n	</p>\r\n\r\n	<p style="text-align: justify;">\r\n		-&nbsp;&nbsp;&nbsp;&nbsp;&nbsp;&nbsp;&nbsp;&nbsp;&nbsp; Một ít muối.\r\n	</p>\r\n\r\n	<p style="text-align: justify;">\r\n		-&nbsp;&nbsp;&nbsp;&nbsp;&nbsp;&nbsp;&nbsp;&nbsp;&nbsp; Tương ớt.\r\n	</p>\r\n\r\n	<p style="text-align: center;">\r\n		<a data-mce-href="http://dayhoclambanh.edu.vn/hoc-lam-banh-mi-oc-que-id62.html" href="http://dayhoclambanh.edu.vn/hoc-lam-banh-mi-oc-que-id62.html"><img alt="hoc_lam_banh_mi_8" data-mce-src="http://dayhoclambanh.edu.vn/files/assets/hoc_lam_banh_mi_8.jpg" src="http://localhost:8080/hoclambanh/images/uploads/images/hoclambanhmi/hoc_lam_banh_mi_8.jpg" style="width: 70%; height: 70%;"></a>\r\n	</p>\r\n\r\n	<h3 style="text-align: center;">\r\n		Học làm bánh mì kẹp thịt\r\n	</h3>\r\n\r\n	<h2 style="text-align: justify;">\r\n		Cách làm chung cho hai cách học làm bánh mì kẹp thịt.\r\n	</h2>\r\n\r\n	<p style="text-align: justify;">\r\n		Lấy dưa leo bao tử thái mỏng cùng với hành tím, rồi cho vào một cái tô nhỏ, thêm một ít súp ngâm dưa bao tử cho hành bớt hăng rồi trộn đều.\r\n	</p>\r\n\r\n	<p style="text-align: justify;">\r\n		Thêm dấm, muốn vào tô trên rồi trộn đều lại với nhau.\r\n	</p>\r\n\r\n	<p style="text-align: justify;">\r\n		Thịt nạc vai băm hoạc xay rồi cho một ít tiêu cùng với gia vị rồi cho lên chảo chiên vàng 2 mặt với dầu ăn. Bước tiếp đến rửa xà lạch, rau mùi sạch rồi bày lên bàn chuẩn bị bước tiếp theo..\r\n	</p>\r\n\r\n	<p style="text-align: justify;">\r\n		Cách làm cho phương pháp thứ nhất.\r\n	</p>\r\n\r\n	<p style="text-align: justify;">\r\n		Nếu mình làm bánh mì ăn ngang thì xe cho vào lò sáy nóng hoạc lên chảo cho bánh giòn, rồi tiến hành xé bánh mì theo chiều dọc, sau đó phết sốt samourai lên bánh rồi cho thịt mà mình vừa rán ở trên vào, tiếp đễn cho hỗn hợp hành tím và dưa leo vào và bước cuối cùng là cho xà lách cùng với rau mùi vào là được và cũng là đã xong với cách thứ nhất.\r\n	</p>\r\n\r\n	<p style="text-align: justify;">\r\n		Cách thứ 2 của học làm bánh mì kẹt thịp.\r\n	</p>\r\n\r\n	<p style="text-align: justify;">\r\n		Ta xẻ dọc bánh mì rồi cho phô mát hoạc pate vào lòng bánh mì vừa xẻ, rồi lấy thịt băm vừa tiến hành làm ở trên cho vào, sau đó rải đều sà lát, dưa leo, cà rốt, hành vào bánh và bước cuối cùng là sà lách&nbsp; rau mùi vào rồi sau cùng là xụt tương ớt vào tùi vào từng sở thích của mỗi người mà cho nhiều ít khác nhau.\r\n	</p>\r\n\r\n	<p style="text-align: justify;">\r\n		Khi thực hiện 2 cách học làm bánh mì kẹp thịt này, người thực hiện thu được thành quả là bánh mì ngon không thua kém gì bánh mình đi mua từ bên ngoài mà an toàn, đảm bảo vệ sinh, an toàn và chất lượng hoàn toàn yên tâm\r\n	</p>\r\n\r\n	<p style="text-align: center;">\r\n		<a data-mce-href="http://dayhoclambanh.edu.vn/hoc-lam-banh-mi-cha-bong-sot-dau-trung-id58.html" href="http://dayhoclambanh.edu.vn/hoc-lam-banh-mi-cha-bong-sot-dau-trung-id58.html"><img alt="hoc_lam_banh_mi_cha_lua" data-mce-src="http://dayhoclambanh.edu.vn/files/assets/Hoclambanhmi/hoc_lam_banh_mi_cha_lua.jpg" src="http://localhost:8080/hoclambanh/images/uploads/images/hoclambanhmi/hoc_lam_banh_mi_cha_lua.jpg" style="width: 70%; height: 70%;"></a>\r\n	</p>\r\n\r\n	<h3 style="text-align: center;">\r\n		<em>Học làm bánh mì kẹp thịt</em>\r\n	</h3>\r\n</div>', 'images/uploads/images/hoclambanhmi/hai-cach-hoc-lam-banh-mi-kep-thit.jpg', 'Học Làm Bánh Mì Kẹp Thịt', 'Học Làm Bánh Mì Kẹp Thịt', 'Học Làm Bánh Mì Kẹp Thịt', 1, 1, 1, 1, '2018-06-12 06:34:04', '2018-06-12 06:34:04');
INSERT INTO `posts` (`id`, `title`, `path`, `description`, `content`, `image`, `seo_title`, `seo_description`, `seo_keywords`, `post_type`, `isActive`, `category_item_id`, `user_id`, `created_at`, `updated_at`) VALUES
(9, 'Học Làm Bánh Mì Ốc Quế', 'hoc-lam-banh-mi-oc-que', '<p>\r\n	Học Làm Bánh Mì Ốc Quế\r\n</p>', '<div class="noidungchitiet">\r\n	<p style="text-align: justify;">\r\n		Hôm trước mình đã hướng dẫn các bạn học làm bánh mì bằng lò vi sóng<a data-mce-href="http://dayhoclambanh.edu.vn/ct/hoc-lam-banhhoc-lam-banh-hoc-lam-banh-mi-hoc-lam-banh-kemhoc-lam-banh-mihoc-lam-banh-kem/61/hoc-lam-banh-mi-bang-lo-vi-song.html" href="http://dayhoclambanh.edu.vn/ct/hoc-lam-banhhoc-lam-banh-hoc-lam-banh-mi-hoc-lam-banh-kemhoc-lam-banh-mihoc-lam-banh-kem/61/hoc-lam-banh-mi-bang-lo-vi-song.html">﻿</a>, hôm nay mình tranh thủ hướng dẫn tiếp các bạn cách làm bánh mì óc quế mật ong. Đây là một phương pháp làm mới so với những cách làm bánh mì mật ong<a data-mce-href="http://dayhoclambanh.edu.vn/ct/hoc-lam-banhhoc-lam-banh-hoc-lam-banh-mi-hoc-lam-banh-kemhoc-lam-banh-mihoc-lam-banh-kem/1/hoc-lam-banh-mi-mat-ong.html" href="http://dayhoclambanh.edu.vn/ct/hoc-lam-banhhoc-lam-banh-hoc-lam-banh-mi-hoc-lam-banh-kemhoc-lam-banh-mihoc-lam-banh-kem/1/hoc-lam-banh-mi-mat-ong.html">﻿</a> mà mình đã giới thiệu cho các bạn trướng đây. Ở ngoài thị trường ta thường thây các loại bánh mì xoán óc với nhân bên trong, lúc ăn, hương vị của nhân và bánh hòa quyện vào nhau tạo cảm giác ngon cho người thưởng thức bánh. Chính vì thế mà hôm nay tôi làm bài này để hướng dẫn các bạn có nhu cầu học làm bánh mì óc quế mật ong được rõ.\r\n	</p>\r\n\r\n	<h2>\r\n		<strong>Nguyên liệu:&nbsp; Người học làm bánh mì óc quế mật ong cần chuẩn bị nguyên liệu:</strong>\r\n	</h2>\r\n\r\n	<p style="text-align: justify;">\r\n		Nguyên liệu là thành phần rất quan trọng để làm bánh, có thể nói nó là thành phần không có gì có thể thay thế để làm nên những chiếc bánh, ngoài ra để tạo ra được bánh ngon thì phụ thuộc vào thành phần của mỗi nguyên liệu, do đó các bạn cần phải tuân thủ thành phần của nguyên liệu thì các bạn học làm bánh mì óc quế mật ong mới thu được bánh ngon được nhé.\r\n	</p>\r\n\r\n	<p style="text-align: justify;">\r\n		-&nbsp;&nbsp;&nbsp;&nbsp;&nbsp;&nbsp;&nbsp;&nbsp;&nbsp; 1 muỗn cà phê muối nở.\r\n	</p>\r\n\r\n	<p style="text-align: justify;">\r\n		-&nbsp;&nbsp;&nbsp;&nbsp;&nbsp;&nbsp;&nbsp;&nbsp;&nbsp; 45 ml mật ong.\r\n	</p>\r\n\r\n	<p style="text-align: justify;">\r\n		-&nbsp;&nbsp;&nbsp;&nbsp;&nbsp;&nbsp;&nbsp;&nbsp;&nbsp; 100 g bơ nhạt.\r\n	</p>\r\n\r\n	<p style="text-align: justify;">\r\n		-&nbsp;&nbsp;&nbsp;&nbsp;&nbsp;&nbsp;&nbsp;&nbsp;&nbsp; 250 bột mì.\r\n	</p>\r\n\r\n	<p style="text-align: justify;">\r\n		-&nbsp;&nbsp;&nbsp;&nbsp;&nbsp;&nbsp;&nbsp;&nbsp;&nbsp; 2 quả trứng gà.\r\n	</p>\r\n\r\n	<p style="text-align: justify;">\r\n		-&nbsp;&nbsp;&nbsp;&nbsp;&nbsp;&nbsp;&nbsp;&nbsp;&nbsp; 1 muỗn cà phê bột nở.\r\n	</p>\r\n\r\n	<p style="text-align: justify;">\r\n		-&nbsp;&nbsp;&nbsp;&nbsp;&nbsp;&nbsp;&nbsp;&nbsp;&nbsp; &frac12; mỗi thứ sau: Quế, gừng, hoa hồi.\r\n	</p>\r\n\r\n	<p style="text-align: center;">\r\n		<a data-mce-href="http://dayhoclambanh.edu.vn/hoc-lam-banh-d3.html" href="http://dayhoclambanh.edu.vn/hoc-lam-banh-d3.html"><img alt="hoc_lam_banh_mi_oc_que_1" data-mce-src="http://dayhoclambanh.edu.vn/files/assets/Hoclambanhmi/hoc_lam_banh_mi_oc_que_1.jpg" src="http://localhost:8080/hoclambanh/images/uploads/images/hoclambanhmi/hoc_lam_banh_mi_oc_que_1.jpg" style="width: 70%; height: 70%;"></a>\r\n	</p>\r\n\r\n	<h3 style="text-align: center;">\r\n		học làm bánh mì óc quế\r\n	</h3>\r\n\r\n	<h2 style="text-align: justify;">\r\n		<strong>Cách làm: Người học làm bánh mì óc quế mật ong cần chú ý cách làm.</strong>\r\n	</h2>\r\n\r\n	<p style="text-align: justify;">\r\n		Đâu tiên ta lấy một cáo chảo sạch, tráng qua nước nguội, rồi bắc lên bếp, rồi bật lửa nhỏ, đợi chảo nóng, cho mật ong và bơ vào, đợi cho bơ tan và hòa quyện vào nhau rồi cho hoa hồi và quế vào cùng lúc rồi tắt bếp để nguội nhé.\r\n	</p>\r\n\r\n	<p style="text-align: justify;">\r\n		Bước tiếp đến bạn lấy một cái bát rồi dập trứng cho vào rồi đánh cho tan hoàn toàn &nbsp;lòng trắng và lòng đỏ, sau đó cho bột mì, bột nở, muối vào rồi tiếp hành trộn đều, cho bột tan và thu được hổn hợp sền sệt, và nhớ là không được để bột đóng thành cục nhé. Tiếp đến người học làm bánh mì óc quế mật ong phải làm là cho hỗn hợp bơ và mật ong đã nguội vào hỗn hợp bột ở trên rồi tiếp tục trộn cho đến lúc thu được hỗn hợp min và sánh.\r\n	</p>\r\n\r\n	<p style="text-align: justify;">\r\n		Bước tiếp đến ta cần thực hiện đó là lấy một cái khai, lót giấy chống dính, rồi cho hỗn hợp vừa làm ở trên vào khay, sau đó cho vào lò nướng ở 160 độ c đến 170 độ c. Thời gian nước tùy vào nhiệt độ mà lò là bao nhiêu nên thời gian của chúng cũng khác nhau. Người học làm bánh mì óc quế mật ong có thể dùng tăm xuyên qua bánh để thử, nếu rút tăm rút ra thấy khô thì bánh mì đã chính. Bước cuối cùng là khi kiểm tra thấy bánh đã chính rồi thi xếp bánh ra đĩa lớn, rồi cắt thành từng miếng vừa với người ăn rồi cho một ít hoa hồi và quế lên trên để thu được bánh đẹp hơn nhé.\r\n	</p>\r\n\r\n	<p style="text-align: justify;">\r\n		Các bạn và tôi vừa trải qua thao tác học làm bánh mì óc quế mật ong và nhận thấy cách làm bánh không quá khó đúng không, thật chí là dễ và nguyên liệu lại dễ tìm đúng không nào, và nó khác với những cách làm trước đây là ta không phải ủ bột hay nhào bộ mất nhiều thời gian cũng như công sức thực hiện, mà cái chính là lòng yêu nghề, và đam mê với nó thì không có gì là ta không làm được. Với quá trình làm như trên, tôi hy vọng rằng các bạn sẽ thu được những thành quả của mình và ngày càng phát huy được những ý tưởng mới để cho ra những loại bánh ngon hơn, và đảm bảo chất lượng hơn những gì tôi đã hướng dẫn.\r\n	</p>\r\n\r\n	<p style="text-align: center;">\r\n		<a data-mce-href="http://dayhoclambanh.edu.vn/hoc-lam-banh-mi-chien-phu-bo-sua-id55.html" href="http://dayhoclambanh.edu.vn/hoc-lam-banh-mi-chien-phu-bo-sua-id55.html"><img alt="hoc_lam_banh_mi_oc_que_2" data-mce-src="http://dayhoclambanh.edu.vn/files/assets/Hoclambanhmi/hoc_lam_banh_mi_oc_que_2.jpg" src="http://localhost:8080/hoclambanh/images/uploads/images/hoclambanhmi/hoc_lam_banh_mi_oc_que_2.jpg" style="width: 70%; height: 70%;"></a>\r\n	</p>\r\n\r\n	<h3 style="text-align: center;">\r\n		học làm bánh mì óc quế\r\n	</h3>\r\n</div>', 'images/uploads/images/hoclambanhmi/hoc-lam-banh-mi-oc-que.jpg', 'Học Làm Bánh Mì Ốc Quế', 'Học Làm Bánh Mì Ốc Quế', 'Học Làm Bánh Mì Ốc Quế', 1, 1, 1, 1, '2018-06-12 06:36:53', '2018-06-12 06:36:53'),
(10, 'Học Làm Bánh Mì Bằng Lò Vi Sóng', 'hoc-lam-banh-mi-bang-lo-vi-song', '<p>\r\n	Học Làm Bánh Mì Bằng Lò Vi Sóng\r\n</p>', '<div class="noidungchitiet">\r\n	<p>\r\n		Xưa nay chúng ta quen với việc làm bánh mì theo cách truyền thống, nhưng ngày nay, khi thời buổi công nghệ phát triển như vũ bảo, thì những cách truyền thống ấy cũng cần thay đổi, nên người học làm bánh mì cũng thay đổi theo, và hôm nay tôi tranh thu hướng dẫn các bạn học làm bánh mì bằng lò vi sóng. Đặc điểm của phương pháp này là làm nhanh, và ta tiết kiệm thời gian, sản xuất đồng loạt mà bánh vẫn đảm bảo hương vị thơm ngon và đem đến nhiều lợi ích cho những người kinh doanh ngành bánh.\r\n	</p>\r\n\r\n	<h2>\r\n		<strong>Nguyên liệu: Người học làm bánh mì bằng lò vi sóng cần chuẩn bị các nguyên liệu.</strong>\r\n	</h2>\r\n\r\n	<p>\r\n		&nbsp;Nguyên liệu là rất quan trọng, vì đây là cái cần để làm nên những cái bánh, và khi làm lên được bánh là một phần, mà cần tạo được bánh ngon hay không lại là một chuyện nữa, cái này thì ta cần thành phần và liều lượng cho mỗi thành phần mới tạo được hương vị đạt yêu câu.\r\n	</p>\r\n\r\n	<p>\r\n		-&nbsp;&nbsp;&nbsp;&nbsp;&nbsp;&nbsp;&nbsp;&nbsp;&nbsp; 300 g bột mì.\r\n	</p>\r\n\r\n	<p>\r\n		-&nbsp;&nbsp;&nbsp;&nbsp;&nbsp;&nbsp;&nbsp;&nbsp;&nbsp; 10 g men nở.\r\n	</p>\r\n\r\n	<p>\r\n		-&nbsp;&nbsp;&nbsp;&nbsp;&nbsp;&nbsp;&nbsp;&nbsp;&nbsp; &frac12; muỗn cà phê muối.\r\n	</p>\r\n\r\n	<p>\r\n		-&nbsp;&nbsp;&nbsp;&nbsp;&nbsp;&nbsp;&nbsp;&nbsp;&nbsp; 10 gam đường.\r\n	</p>\r\n\r\n	<p>\r\n		-&nbsp;&nbsp;&nbsp;&nbsp;&nbsp;&nbsp;&nbsp;&nbsp;&nbsp; 10 ml dầu ăn.\r\n	</p>\r\n\r\n	<p>\r\n		-&nbsp;&nbsp;&nbsp;&nbsp;&nbsp;&nbsp;&nbsp;&nbsp;&nbsp; 10 ml giấm.\r\n	</p>\r\n\r\n	<p>\r\n		-&nbsp;&nbsp;&nbsp;&nbsp;&nbsp;&nbsp;&nbsp;&nbsp;&nbsp; 200 ml nước ấm.\r\n	</p>\r\n\r\n	<p style="text-align: center;">\r\n		<a data-mce-href="http://dayhoclambanh.edu.vn/hoc-lam-banh-mi-me-id60.html" href="http://dayhoclambanh.edu.vn/hoc-lam-banh-mi-me-id60.html"><img alt="hoc_lam_banh_mi_bang_lo_vi_song_2" data-mce-src="http://dayhoclambanh.edu.vn/files/assets/hoc_lam_banh_mi_bang_lo_vi_song_2.jpg" src="http://localhost:8080/hoclambanh/images/uploads/images/hoclambanhmi/hoc_lam_banh_mi_bang_lo_vi_song_2.jpg" style="height: 70%; width: 70%;"></a>\r\n	</p>\r\n\r\n	<h3 style="text-align: center;">\r\n		Học làm bánh mì bằng lò vi sóng\r\n	</h3>\r\n\r\n	<h2>\r\n		<strong>Cách làm: Người học làm bánh mì bằng lò vi sóng cần chú ý cách làm.</strong>\r\n	</h2>\r\n\r\n	<p>\r\n		Cách làm bánh là bước quan trọng tiếp theo mà người học làm bánh mì bằng lò vi sóng cần &nbsp;phải thực hiện đó là cách làm, đây là thao tác để quyết đính đến chat lượng của bánh, bánh có ngon và đạt yêu cầu hay không là phụ thuộc vào cách này. Giờ ta bắt đầu tiến hành nhé.\r\n	</p>\r\n\r\n	<p>\r\n		Đầu tiên lấy một cái tô sạch, cho nước ấm vào rồi hòa tan đường và men nở vào, đợi tới lúc men nở phát huy tác dụng của nó.\r\n	</p>\r\n\r\n	<p>\r\n		Tiến đến lấy bột mì đã mịn, cùng với giấm, muối, dầu ăn vào một cái tô lớn rồi cho hỗn hợp nước ấm đã hòa tan đường và giấm vào, ta sử dụng máy đánh trứng đánh đều với nhau. Bước tiếp theo ta lấy một ít bột khô rác lên sang, rồi lấy hỗn hợp bột mì vừa làm ở trên cho lên lớp bột mịn ta vừa rắc rồi nhào bằng tay, tới khi thu được khối bột nhẵn mịn thì cuộn tròn hỗn hợp bột làm bánh lại, rồi cho vào tô lớn, lấy màng bọc thực phẩm bọt lại và đợi khoảng 20 phút cho bột nghỉ, đồng thời đợi bột nở.Bước tiếp đến người học làm bánh mì cần làm là lấy khối hỗn hợp bột trên đưa ra nhồi tiếp, rồi chia khối bổ ra những phần nhỏ và tiến hành tạo hình bánh theo những hình dạng bánh mà mình thích. Rồi để từng phần riêng và cho những cái bánh mình vừa làm nghỉ khoảng 90 phút nữa, để bột thật nở hêt cỡ.Nếu người học làm bánh mì bằng lò vi sóng muốn thu được bánh đẹp mắt thì dùng dao rọc một đường dọc theo bánh và xụt nhiều nước vào bánh, nhất là vùng bánh bị rạch khi bánh đã ủ xong. Các bạn cần chú ý là khi ủ cần để bánh nơi khô ráo, nơi kín gió đảm bảo đủ đổ ẩm bằng cách dùng một cái khăn đậy kín lên bề mặt bột hoạc dùng màng bọc thực phẩm bọc.\r\n	</p>\r\n\r\n	<p>\r\n		Bước tiếp đến có lẽ là đơn giản nhất là cho bánh vào lò vi sóng và cho lò hoạt động ở nhiệt độ 175 độ c và nướng trong khoảng thời gian 20 phút tới lúc thu được bánh chính vàn như ý muốn là đạt hiệu quả và lấy bánh ra.\r\n	</p>\r\n\r\n	<p>\r\n		So với bánh mì mình mua về thì bánh mì làm bằng lò vi sóng ở nhà sẽ mất thời gian hơn nhưng được cái ta có bánh nóng, ngon hơn,&nbsp; hình dáng bánh theo sở thích của bạn và điều quan trọng đây là thành quả mà chúng ta thu được trong quá trình làm và học hỏi. Thế là mình đã hoàn thành quá trình làm bánh, chúc các bạn có những kiến thức bổ ích và mang lại nhiều niềm vui trong cuộc sống.\r\n	</p>\r\n\r\n	<p style="text-align: center;">\r\n		<a data-mce-href="http://dayhoclambanh.edu.vn/hoc-lam-banh-mi-ngu-coc-gia-re-chuyen-nghiep-tai-ho-chi-minh-id53.html" href="http://dayhoclambanh.edu.vn/hoc-lam-banh-mi-ngu-coc-gia-re-chuyen-nghiep-tai-ho-chi-minh-id53.html"><img alt="hoc_lam_banh_mi_bang_lo_vi_song_1" data-mce-src="http://dayhoclambanh.edu.vn/files/assets/hoc_lam_banh_mi_bang_lo_vi_song_1.jpg" src="http://localhost:8080/hoclambanh/images/uploads/images/hoclambanhmi/hoc_lam_banh_mi_bang_lo_vi_song_1.jpg" style="height: 70%; width: 70%;"></a>\r\n	</p>\r\n\r\n	<h3 style="text-align: center;">\r\n		Học làm bánh mì ﻿bằng lò vi sóng\r\n	</h3>\r\n</div>', 'images/uploads/images/hoclambanhmi/hoc-lam-banh-mi-bang-lo-vi-song.jpg', 'Học Làm Bánh Mì Bằng Lò Vi Sóng', 'Học Làm Bánh Mì Bằng Lò Vi Sóng', 'Học Làm Bánh Mì Bằng Lò Vi Sóng', 1, 1, 1, 1, '2018-06-12 06:51:27', '2018-06-12 06:51:27'),
(11, 'Học Làm Bánh Mì Me', 'hoc-lam-banh-mi-me', '<p>\r\n	Học Làm Bánh Mì Me\r\n</p>', '<div class="noidungchitiet">\r\n	<p style="text-align: justify;">\r\n		Học làm bánh mì me là một sự lựa cho không phải chỉ dành cho những người kinh doanh bánh mì mà ngay cả những người dân bình thường cũng muốn học vì họ ngoài thời gian làm việc thì họ còn muốn tự làm cho gia đình mình những cái bánh mà chính bàn tay họ làm ra để làm ra để làm tăng giá trị của bản thân trong gia đình mà còn làm cho các thành viên trong gia đình mình xích lại gần nhau hơn, và để giáo dục con cái mình tầm quan trọng của bữa ăn có mặt của đông đảo mọi người trong gia đình và làm cho con trẻ hiểu biết được nét văn hóa của người việt trong bữa ăn gia đình như thế nào.\r\n	</p>\r\n\r\n	<h2 style="text-align: justify;">\r\n		<strong>Nguyên liệu: Người học làm bánh mì me cần chuẩn bị các nguyên liệu sau:</strong>\r\n	</h2>\r\n\r\n	<p style="text-align: justify;">\r\n		Nguyên liệu người học làm bánh mì me nói riêng và nguyên liệu làm bánh nói chung là rất quan trọng vì không ai đi xây nhà mà không có vật liệu cả, chính vì thế mà mình cần có nguyên liệu để làm bánh, nhưng lúc có nguyên liệu đã là một chuyện, nhưng thành phần mỗi nguyên liệu lại là một chuyện khác, và đây là khâu quyết định đến hương vị, cũng như nét đặc trung của banh mì me nói riêng và các loại bánh nói chung. Vì thế các bạn chú ý tới các thành phần nguyên liệu theo chỉ dẫn của mình nhé. Và các bạn cũng cần lưu ý, liều lượng bán của mỗi vùng, miền có sự khác nhau, ngay cả mỗi người có một thành phần khác nhau vì mỗi người có sở thích và khẩu vị ăn uống khác nhau.\r\n	</p>\r\n\r\n	<p style="text-align: justify;">\r\n		-&nbsp;&nbsp;&nbsp;&nbsp;&nbsp;&nbsp;&nbsp;&nbsp;&nbsp; Bột mì : 300g.\r\n	</p>\r\n\r\n	<p style="text-align: justify;">\r\n		-&nbsp;&nbsp;&nbsp;&nbsp;&nbsp;&nbsp;&nbsp;&nbsp;&nbsp; Men nở: 10g.\r\n	</p>\r\n\r\n	<p style="text-align: justify;">\r\n		-&nbsp;&nbsp;&nbsp;&nbsp;&nbsp;&nbsp;&nbsp;&nbsp;&nbsp; Muối: &frac12; thìa cà phê.\r\n	</p>\r\n\r\n	<p style="text-align: justify;">\r\n		-&nbsp;&nbsp;&nbsp;&nbsp;&nbsp;&nbsp;&nbsp;&nbsp;&nbsp; Dấm: 10 ml.\r\n	</p>\r\n\r\n	<p style="text-align: justify;">\r\n		-&nbsp;&nbsp;&nbsp;&nbsp;&nbsp;&nbsp;&nbsp;&nbsp;&nbsp; Sữa tươi: 150ml.\r\n	</p>\r\n\r\n	<p style="text-align: justify;">\r\n		-&nbsp;&nbsp;&nbsp;&nbsp;&nbsp;&nbsp;&nbsp;&nbsp;&nbsp; Dầu ăn hoạc bơ thực vật.\r\n	</p>\r\n\r\n	<p style="text-align: justify;">\r\n		-&nbsp;&nbsp;&nbsp;&nbsp;&nbsp;&nbsp;&nbsp;&nbsp;&nbsp; Nước ấm.\r\n	</p>\r\n\r\n	<p style="text-align: center;">\r\n		<a data-mce-href="http://dayhoclambanh.edu.vn/hoc-lam-banh-mi-cha-bong-sot-dau-trung-id58.html" href="http://dayhoclambanh.edu.vn/hoc-lam-banh-mi-cha-bong-sot-dau-trung-id58.html"><img alt="hoc_lam_banh_mi_me_2" data-mce-src="http://dayhoclambanh.edu.vn/files/assets/Hoclambanhmi/hoc_lam_banh_mi_me_2.jpg" src="http://localhost:8080/hoclambanh/images/uploads/images/hoclambanhmi/hoc_lam_banh_mi_me_2.jpg" style="height: 70%; width: 70%;"></a>\r\n	</p>\r\n\r\n	<h3 style="text-align: center;">\r\n		<em>Học làm bánh mì</em> me\r\n	</h3>\r\n\r\n	<h2 style="text-align: justify;">\r\n		<strong>Cách làm: Người học làm bánh mì me cần chú ý cách làm</strong>\r\n	</h2>\r\n\r\n	<p style="text-align: justify;">\r\n		Đầu tiên mình lấy một cái tô trộn rồi cho nước ấm vào rồi cho men nở vào và ta tiến hành trộn đều. Mình lấy một cái tô lớn hơn rồi cho muối, dầu ăn, bột vào tô. Sau lúc men được kích hoạt thì cho hỗn hợp men vào hỗn hợp bột. Lúc này nếu bạn có máy trộn thì bạn dùng máy trộ, còn không có máy thì bạn trộn tay sao cho thu được hỗn hợp đều và quyện vào nhau. Tiếp đến người học làm bánh mì bột.\r\n	</p>\r\n\r\n	<p style="text-align: justify;">\r\n		Bước tiếp đến ta đun nóng 150 ml sữa tươi rồi cho từ từ vào hỗn hợp bột rồi trộn đều, nếu mà hỗn hợp bột khô thì ta có thể thêm sữa tươi nóng vào để cho vừa là được. Đây là điểm khác nhau cơ bản của bánh mì me với các loại bánh khác. Tới đây thì ta tiến hành trộn toàn bộ nguyên liệu lại với nhau.\r\n	</p>\r\n\r\n	<p style="text-align: justify;">\r\n		Giờ ta tiến hành trộn bột sao cho thu được một khối bột thật mịn và mềm, như vậy ta mới làm thu được bánh xốp. Sau khi người <a data-mce-href="http://dayhoclambanh.edu.vn/hoc-lam-banh-mi-phap-gia-re-tai-ho-chi-minh-id54.html" href="http://dayhoclambanh.edu.vn/hoc-lam-banh-mi-phap-gia-re-tai-ho-chi-minh-id54.html">học làm bánh mì</a> me đã thu được một khối hỗn hợp bột đạt yêu cầu thì cho vào một cái tô và dùng bọt thực phẩm bọc kính rồi cho bột khỉ khoảng 60 phút hoạc lúc nào thù được một khối bột tăng gấp đôi so với lúc đầu. Sau đó ta lấy hỗn hợp bột thu được ở trên ra, chia nhỏ vào tiến hành tạo hình của bánh, có thể tạo hình tròn, vuông, dài tùy vào sở thích của bạn. Đến bước cuối cùng là tiến hành nướng bánh. Người <a data-mce-href="http://dayhoclambanh.edu.vn/hoc-lam-banh-mi-den-gia-re-tai-ho-chi-minh-id44.html" href="http://dayhoclambanh.edu.vn/hoc-lam-banh-mi-den-gia-re-tai-ho-chi-minh-id44.html">học làm bánh mì</a> cho bánh vào khay nướng, sau đó bật nhiệt độ lên 180 độ&nbsp; c, rồi cho khay đựng bán vào lò, nướng trong khoảng 20 phút, lúc nào bánh chuyển từ màu tráng sang màu vàng nâu thì lấy bánh ra và nhớ lấy ra lúc bánh còn nóng nhé.\r\n	</p>\r\n\r\n	<p style="text-align: center;">\r\n		<a data-mce-href="http://dayhoclambanh.edu.vn/day-hoc-lam-banh-gia-sieu-re-tai-quan-3-ho-chi-minh-id43.html" href="http://dayhoclambanh.edu.vn/day-hoc-lam-banh-gia-sieu-re-tai-quan-3-ho-chi-minh-id43.html"><img alt="hoc_lam_banh_mi_me" data-mce-src="http://dayhoclambanh.edu.vn/files/assets/Hoclambanhmi/hoc_lam_banh_mi_me.jpg" src="http://localhost:8080/hoclambanh/images/uploads/images/hoclambanhmi/hoc_lam_banh_mi_me.jpg" style="height: 70%; width: 70%;"></a>\r\n	</p>\r\n\r\n	<h3 style="text-align: center;">\r\n		Học làm bánh mì me\r\n	</h3>\r\n</div>', 'images/uploads/images/hoclambanhmi/hoc-lam-banh-mi-me.jpg', 'Học Làm Bánh Mì Me', 'Học Làm Bánh Mì Me', 'Học Làm Bánh Mì Me', 1, 1, 1, 1, '2018-06-12 06:54:40', '2018-06-12 06:54:40'),
(12, 'Học Làm Bánh Mì Chà Bông Sốt Dầu Trứng', 'hoc-lam-banh-mi-cha-bong-sot-dau-trung', '<p>\r\n	Học Làm Bánh Mì Chà Bông Sốt Dầu Trứng\r\n</p>', '<div class="noidungchitiet">\r\n	<p style="text-align: justify;">\r\n		Bánh mì chả bông là một loại bán mì rất ngon và hợp với mọi người, chính vì thế mà không chỉ những người kinh doanh mà những người dân thường cũng muốn học làm bánh mì chả bông để làm cho gia đình những bữa ăn mà không phải đi xa vừa mất thời gian mà vẫn đảm bảo chất dinh dưỡng, đem đến cho gia đình những bữa ăn đầm ấm và gẫn gửi nhau hơn. Chính vì thế hôm nay chúng tôi tranh thì làm chủ đề này để các bạn có như cầu, có thể hiểu biết và tự tiến hành làm cho gia đình mình ngày càng hạnh phúc.\r\n	</p>\r\n\r\n	<h2 style="text-align: justify;">\r\n		Nguyên liệu: Các bạn học làm bánh mì chả bông cần chuẩn bị các nguyên liệu sau:\r\n	</h2>\r\n\r\n	<p style="text-align: justify;">\r\n		-&nbsp;&nbsp;&nbsp;&nbsp;&nbsp;&nbsp;&nbsp;&nbsp;&nbsp; 250 gam bột mì.\r\n	</p>\r\n\r\n	<p style="text-align: justify;">\r\n		-&nbsp;&nbsp;&nbsp;&nbsp;&nbsp;&nbsp;&nbsp;&nbsp;&nbsp; 150 ml sữa tươi.\r\n	</p>\r\n\r\n	<p style="text-align: justify;">\r\n		-&nbsp;&nbsp;&nbsp;&nbsp;&nbsp;&nbsp;&nbsp;&nbsp;&nbsp; 5 gam men.\r\n	</p>\r\n\r\n	<p style="text-align: justify;">\r\n		-&nbsp;&nbsp;&nbsp;&nbsp;&nbsp;&nbsp;&nbsp;&nbsp;&nbsp; 3 gam muối.\r\n	</p>\r\n\r\n	<p style="text-align: justify;">\r\n		-&nbsp;&nbsp;&nbsp;&nbsp;&nbsp;&nbsp;&nbsp;&nbsp;&nbsp; 50 gam đường.\r\n	</p>\r\n\r\n	<p style="text-align: justify;">\r\n		-&nbsp;&nbsp;&nbsp;&nbsp;&nbsp;&nbsp;&nbsp;&nbsp;&nbsp; 40g bơ để ở nhiệt độ thường.\r\n	</p>\r\n\r\n	<p style="text-align: justify;">\r\n		-&nbsp;&nbsp;&nbsp;&nbsp;&nbsp;&nbsp;&nbsp;&nbsp;&nbsp; 1 quả trứng gà.\r\n	</p>\r\n\r\n	<p style="text-align: justify;">\r\n		Gia ví sốt dầu trứng\r\n	</p>\r\n\r\n	<p style="text-align: justify;">\r\n		-&nbsp;&nbsp;&nbsp;&nbsp;&nbsp;&nbsp;&nbsp;&nbsp;&nbsp; Một lòng đỏ trứng gà.\r\n	</p>\r\n\r\n	<p style="text-align: justify;">\r\n		-&nbsp;&nbsp;&nbsp;&nbsp;&nbsp;&nbsp;&nbsp;&nbsp;&nbsp; 40 gam đường.\r\n	</p>\r\n\r\n	<p style="text-align: justify;">\r\n		-&nbsp;&nbsp;&nbsp;&nbsp;&nbsp;&nbsp;&nbsp;&nbsp;&nbsp; 3 gam muối.\r\n	</p>\r\n\r\n	<p style="text-align: justify;">\r\n		-&nbsp;&nbsp;&nbsp;&nbsp;&nbsp;&nbsp;&nbsp;&nbsp;&nbsp; Tiêu bột.\r\n	</p>\r\n\r\n	<p style="text-align: justify;">\r\n		-&nbsp;&nbsp;&nbsp;&nbsp;&nbsp;&nbsp;&nbsp;&nbsp;&nbsp; Tỏi dả nhỏ.\r\n	</p>\r\n\r\n	<p style="text-align: justify;">\r\n		-&nbsp;&nbsp;&nbsp;&nbsp;&nbsp;&nbsp;&nbsp;&nbsp;&nbsp; &frac14; quả chanh.\r\n	</p>\r\n\r\n	<p style="text-align: justify;">\r\n		-&nbsp;&nbsp;&nbsp;&nbsp;&nbsp;&nbsp;&nbsp;&nbsp;&nbsp; 2 chén dầu ăn.\r\n	</p>\r\n\r\n	<p style="text-align: center;">\r\n		<a data-mce-href="http://dayhoclambanh.edu.vn/hoc-lam-banh-mi-op-la-id57.html" href="http://dayhoclambanh.edu.vn/hoc-lam-banh-mi-op-la-id57.html"><img alt="hoc_lam_banh_mi_cha_bong_1" data-mce-src="http://dayhoclambanh.edu.vn/files/assets/Hoclambanhmi/hoc_lam_banh_mi_cha_bong_1.jpg" src="http://localhost:8080/hoclambanh/images/uploads/images/hoclambanhmi/hoc_lam_banh_mi_cha_bong_1.jpg" style="height: 70%; width: 70%;"></a>\r\n	</p>\r\n\r\n	<h3 style="text-align: center;">\r\n		học làm bánh mì chả bông﻿\r\n	</h3>\r\n\r\n	<h2 style="text-align: justify;">\r\n		Cách làm:Người học làm bánh mì chả bông cần chú ý cách làm như sau:\r\n	</h2>\r\n\r\n	<p style="text-align: justify;">\r\n		<strong>Bánh mì chả bông</strong>: Đâu tiên ta lấy một cái tô trộn, cho đường, sữa, men vào trộng đều và ủ trong vòng 15 phút. Tiếp đến đập một quả trứng ra chia làm 2 phần, lấy một phần cho vào bột cùng với hỗn hợp sữa mình vừa làm ở trên và muốn vào trộn nhào cho đến lúc hòa quyện rồi cho bơ vào rồi tiếp tục nhào, cho tới lúc thu được hỗn hợp những thì ta ủ khoảng 1 tiếng. Sau thời gian chờ đợi, ta cho hỗn hợp bột vào khuôn có hình dạng là hình chữ nhật, dàn bột đều phẳng trên khuôn rồi ủ tiếp 45 phút nữa. Bước tiếp theo người học làm bánh mì chả bông cần làm là cho bánh vào lò, bật ở nhiệt độ 170 độ c. Lấy &frac12; quả trứng còn lại cho một ít sữa vào rồi quét lên bánh rồi rắc mè, hành lá lên bánh và tiếp tực nướng trong 25 phút. Sauk hi bánh chính, đợi bánh nguội, cắt bánh thành từng miếng vừa ăn, rồi quét bơ và rắc chả bông lên là xong nhé.\r\n	</p>\r\n\r\n	<p style="text-align: justify;">\r\n		Cách làm Dầu trứng: Lấy một cái tô hoạc cái bát rồi cho lòng đỏ trứng gà, đường, muối, tiêu và tỏi vào đánh&nbsp; cho đến lúc trứng chuyển sang màu trắng thì tiến hành cho dầu ăn vào từ từ, bắt đầu là một muỗn cà phê dầu ăn rồi cú thế cho đến hết dầu ăn thì vắt chăn vào. Lúc này người học làm bánh mì chả bông chưa xong mà còn đánh thêm vài phút nữa.\r\n	</p>\r\n\r\n	<p style="text-align: center;">\r\n		<a data-mce-href="http://dayhoclambanh.edu.vn/hoc-lam-banh-mi-den-gia-re-tai-ho-chi-minh-id44.html" href="http://dayhoclambanh.edu.vn/hoc-lam-banh-mi-den-gia-re-tai-ho-chi-minh-id44.html"><img alt="hoc_lam_banh_mi_cha_bong_2" data-mce-src="http://dayhoclambanh.edu.vn/files/assets/Hoclambanhmi/hoc_lam_banh_mi_cha_bong_2.jpg" src="http://localhost:8080/hoclambanh/images/uploads/images/hoclambanhmi/hoc_lam_banh_mi_cha_bong_2.jpg" style="height: 70%; width: 70%;"></a>\r\n	</p>\r\n\r\n	<h3 style="text-align: center;">\r\n		học làm bánh mì chả bông﻿\r\n	</h3>\r\n</div>', 'images/uploads/images/hoclambanhmi/banhmitrungmuoi1.jpg', 'Học Làm Bánh Mì Chà Bông Sốt Dầu Trứng', 'Học Làm Bánh Mì Chà Bông Sốt Dầu Trứng', 'Học Làm Bánh Mì Chà Bông Sốt Dầu Trứng', 1, 1, 1, 1, '2018-06-12 06:59:18', '2018-06-12 06:59:18'),
(13, 'Học Làm Bánh Mì Ốp La', 'hoc-lam-banh-mi-op-la', '<p>\r\n	Học Làm Bánh Mì Ốp La\r\n</p>', '<div class="noidungchitiet">\r\n	<p>\r\n		Bánh mì ốp la là một loại bán rất dễ làm, nguyên liệu lại dễ kiếm nhưng để có được những bánh ngon thi không phải ai cũng làm được, chính vì vậy hôm nay mình tranh thủ thời gian hướng dẫn cho các bạn học làm bánh mì ốp la cách làm loại bánh này ngon, bổ và sẽ.\r\n	</p>\r\n\r\n	<h2>\r\n		Nguyên lieu: Các bạn học làm bánh mì ốp la cần chuẩn bị nguyên liệu.\r\n	</h2>\r\n\r\n	<p>\r\n		Nguyên liệu là không thể thiếu được, vì không ai đi xây nhà mà không có vật liệu cả nên với làm bánh cũng vậy. Với thành phầm làm bánh mì ốp la thì nguyên liệu rất dễ tìm mà rẻ nữa, các bạn cân chuẩn bị cho mình gồm những thành phần sau nhé:\r\n	</p>\r\n\r\n	<p>\r\n		-&nbsp;&nbsp;&nbsp;&nbsp;&nbsp;&nbsp;&nbsp;&nbsp;&nbsp; 2 quả trứng gà, các bạn nên chọn trứng gà ta thì sẽ thu được bánh ngon và bổ dưỡng hơn.\r\n	</p>\r\n\r\n	<p>\r\n		-&nbsp;&nbsp;&nbsp;&nbsp;&nbsp;&nbsp;&nbsp;&nbsp;&nbsp; Bánh mì: 1 ổ.\r\n	</p>\r\n\r\n	<p>\r\n		-&nbsp;&nbsp;&nbsp;&nbsp;&nbsp;&nbsp;&nbsp;&nbsp;&nbsp; Dưa leo: 1 trái, các bạn lưu ý là cần chọn quả tươi, ngon, biết rõ nguồn gốc nhé.\r\n	</p>\r\n\r\n	<p>\r\n		-&nbsp;&nbsp;&nbsp;&nbsp;&nbsp;&nbsp;&nbsp;&nbsp;&nbsp; Cà chua cỏ: 3 trái.\r\n	</p>\r\n\r\n	<p>\r\n		-&nbsp;&nbsp;&nbsp;&nbsp;&nbsp;&nbsp;&nbsp;&nbsp;&nbsp; Muối tiêu, dầu ăn.\r\n	</p>\r\n\r\n	<p>\r\n		-&nbsp;&nbsp;&nbsp;&nbsp;&nbsp;&nbsp;&nbsp;&nbsp;&nbsp; Rau mùi, xà lách&hellip;\r\n	</p>\r\n\r\n	<p style="text-align: center;">\r\n		<a data-mce-href="http://dayhoclambanh.edu.vn/sp/hoc-lam-banhhoc-lam-banh-mi-hoc-lam-banh-kem-hoc-lam-banhhoc-lam-banh-mi-hoc-lam-banh-kem/3/v=0/hoc-lam-banh.html" href="http://dayhoclambanh.edu.vn/sp/hoc-lam-banhhoc-lam-banh-mi-hoc-lam-banh-kem-hoc-lam-banhhoc-lam-banh-mi-hoc-lam-banh-kem/3/v=0/hoc-lam-banh.html"><img alt="hoc_lam_banh_mi_op_la_1" data-mce-src="files/assets/Hoclambanhmi/hoc_lam_banh_mi_op_la_1.jpg" src="http://localhost:8080/hoclambanh/images/uploads/images/hoclambanhmi/hoc_lam_banh_mi_op_la_2.jpg" style="height: 70%; width: 70%;"></a>\r\n	</p>\r\n\r\n	<h3 style="text-align: center;">\r\n		Học làm bánh mì ốp la\r\n	</h3>\r\n\r\n	<h2>\r\n		Cách làm: Các bạn học làm bánh mì ốp la chú ý cách làm;\r\n	</h2>\r\n\r\n	<p>\r\n		Cách làm bánh rất quan trọng, nên các bạn cần chú ý cách làm&nbsp; của mình để thu được bánh ngon và hiệu quả nhé, tuy nhiên, các bạn có thể sáng tạo nên các bạn nên cái gì chác chắn thì làm nhé, chứ không nên mạo hiểm nhé. Thôi, ta bắt đầu bước vào làm nhé.\r\n	</p>\r\n\r\n	<p>\r\n		Người học làm bánh mì ốp là dùng chảo chống dính tráng qua nước nguội, rồi bắc lên bếp, cho dầu ăn vào đung nóng rồi giảm lửa sau đó ta đập trứng vào. Sau đó đung với ngọn lửa nhỏ cho tới khi lòng trắng chuyển sang màu trắng mà thì dùng thìa(muỗng) múc dầu đổ lên phần lòng trắng, nhớ là không đổ lên phần lòng đỏ nhé. Sau một khoảng thời gian 1 đến 2 phút thì lòng trắng sẽ chính, lúc này múc dầu để lên toàn trứng cho tới khi thu được trứng như những gì ta mong muốn thì dừng lại.\r\n	</p>\r\n\r\n	<p>\r\n		Bước cuối cùng người học làm bánh mì ốp la cần làm là dùng vợt thức ăn vớt trứng ra khỏi chảo, rồi rạch bánh mì ra, cho gia vị, như dưa leo, cà chưa, rau mùi, xà lách, rồi cho trứng vào bọc lại rồi đem ra ăn hoạc bán.\r\n	</p>\r\n\r\n	<p>\r\n		Một vài lưu ý các bạn cần lưu ý:\r\n	</p>\r\n\r\n	<p>\r\n		Trong quá trình ốp trứng, không được cho dầu ăn vào quá nhiều, lượng dầu nên chỉ lút một phần lòng trắng thôi, và dầu không được quá nóng, vì nếu nóng quá, dầu trứng sẽ bị xáp và không được đẹp mắt, và ăn không có cảm giác ngon miệng. Qua các bước trên các bạn thấy làm bánh mì ốp la không khó và rất nhanh đúng không nào mà nó mang đến cho ta nhiều dinh dương.\r\n	</p>\r\n\r\n	<p style="text-align: center;">\r\n		&nbsp;<a data-mce-href="http://dayhoclambanh.edu.vn/ct/hoc-lam-banhhoc-lam-banh-hoc-lam-banh-mi-hoc-lam-banh-kemhoc-lam-banh-mihoc-lam-banh-kem/55/hoc-lam-banh-mi-chien-phu-bo-sua.html" href="http://dayhoclambanh.edu.vn/ct/hoc-lam-banhhoc-lam-banh-hoc-lam-banh-mi-hoc-lam-banh-kemhoc-lam-banh-mihoc-lam-banh-kem/55/hoc-lam-banh-mi-chien-phu-bo-sua.html"><img alt="hoc_lam_banh_mi_op_la_2" data-mce-src="files/assets/Hoclambanhmi/hoc_lam_banh_mi_op_la_2.jpg" src="http://localhost:8080/hoclambanh/images/uploads/images/hoclambanhmi/hoc_lam_banh_mi_op_la_1.jpg" style="height: 70%; width: 70%;"></a>\r\n	</p>\r\n\r\n	<h3 style="text-align: center;">\r\n		Học làm bánh mì ốp la\r\n	</h3>\r\n</div>', 'images/uploads/images/hoclambanhmi/hoc-lam-banh-mi-op-la.jpg', 'Học Làm Bánh Mì Ốp La', 'Học Làm Bánh Mì Ốp La', 'Học Làm Bánh Mì Ốp La', 1, 1, 1, 1, '2018-06-12 07:02:19', '2018-06-12 07:02:19'),
(14, 'Học Làm Bánh Mì Bì', 'hoc-lam-banh-mi-bi', '<p>\r\n	Học Làm Bánh Mì Bì\r\n</p>', '<div class="noidungchitiet">\r\n	<p style="text-align: justify;">\r\n		Không phải ngẫn nhiên mà thời gian gần đây nhu cầu học làm bánh mì bì mà vì đây là một món ăn rất ngon và rất được nhiều người yêu thích, chính vì thế mà rất nhiều người học về để thêm một món ăn cho gia đình và đối với những người kinh doanh thì họ có thêm trong thực đơn một món để làm phong phú cho bẳng thức đơn, bên cạnh đó, món ăn này được đông đảo người dân yêu thích nên các bạn kinh doanh nắm bắt được nhu cầu này nên họ tiến hành làm để thu hút lượng khách đến với mình.\r\n	</p>\r\n\r\n	<h2 style="text-align: justify;">\r\n		<strong>Nguyên liệu:Các bạn học làm bánh mì bì cần chuẩn bị các nguyên liệu sau:</strong>\r\n	</h2>\r\n\r\n	<p style="text-align: justify;">\r\n		Nguyên liệu làm bánh không nói ra các bạn cũng biết là nó quan trọng như thế nào rồi, nên các bạn cần chuẩn bị đầy đủ và thành phần cho hợp lý nhé, nếu không thì quý trình làm bánh của bạn sẽ bị thất bại hoàn toàn đấy. Nguyên liệu gồm:\r\n	</p>\r\n\r\n	<p style="text-align: justify;">\r\n		-&nbsp;&nbsp;&nbsp;&nbsp;&nbsp;&nbsp;&nbsp;&nbsp;&nbsp; Bánh mì ổ.\r\n	</p>\r\n\r\n	<p style="text-align: justify;">\r\n		-&nbsp;&nbsp;&nbsp;&nbsp;&nbsp;&nbsp;&nbsp;&nbsp;&nbsp; Bì thịt.\r\n	</p>\r\n\r\n	<p style="text-align: justify;">\r\n		-&nbsp;&nbsp;&nbsp;&nbsp;&nbsp;&nbsp;&nbsp;&nbsp;&nbsp; Đồ chua.\r\n	</p>\r\n\r\n	<p style="text-align: justify;">\r\n		-&nbsp;&nbsp;&nbsp;&nbsp;&nbsp;&nbsp;&nbsp;&nbsp;&nbsp; Dầu hành.\r\n	</p>\r\n\r\n	<p style="text-align: justify;">\r\n		-&nbsp;&nbsp;&nbsp;&nbsp;&nbsp;&nbsp;&nbsp;&nbsp;&nbsp; Hành shallot phi vàng.\r\n	</p>\r\n\r\n	<p style="text-align: justify;">\r\n		-&nbsp;&nbsp;&nbsp;&nbsp;&nbsp;&nbsp;&nbsp;&nbsp;&nbsp; Nước mắm ngọt tỏi ớt\r\n	</p>\r\n\r\n	<p style="text-align: justify;">\r\n		-&nbsp;&nbsp;&nbsp;&nbsp;&nbsp;&nbsp;&nbsp;&nbsp;&nbsp; 1 bl thịt cốt lết là phần thịt nạc không xương.\r\n	</p>\r\n\r\n	<p style="text-align: justify;">\r\n		-&nbsp;&nbsp;&nbsp;&nbsp;&nbsp;&nbsp;&nbsp;&nbsp;&nbsp; 1 muỗn cà phê muôi.\r\n	</p>\r\n\r\n	<p style="text-align: justify;">\r\n		-&nbsp;&nbsp;&nbsp;&nbsp;&nbsp;&nbsp;&nbsp;&nbsp;&nbsp; 1 muốn canh nước mắm sống.\r\n	</p>\r\n\r\n	<p style="text-align: justify;">\r\n		-&nbsp;&nbsp;&nbsp;&nbsp;&nbsp;&nbsp;&nbsp;&nbsp;&nbsp; 1 muỗn cà phê đường.\r\n	</p>\r\n\r\n	<p style="text-align: justify;">\r\n		-&nbsp;&nbsp;&nbsp;&nbsp;&nbsp;&nbsp;&nbsp;&nbsp;&nbsp; &frac14; muỗn cà phê bột ngọt.\r\n	</p>\r\n\r\n	<p style="text-align: justify;">\r\n		-&nbsp;&nbsp;&nbsp;&nbsp;&nbsp;&nbsp;&nbsp;&nbsp;&nbsp; 3 muỗn súp dầu ăn để chiên thịt.\r\n	</p>\r\n\r\n	<p style="text-align: justify;">\r\n		-&nbsp;&nbsp;&nbsp;&nbsp;&nbsp;&nbsp;&nbsp;&nbsp;&nbsp; 1 gói bột thin.\r\n	</p>\r\n\r\n	<p style="text-align: justify;">\r\n		-&nbsp;&nbsp;&nbsp;&nbsp;&nbsp;&nbsp;&nbsp;&nbsp;&nbsp; 3 muỗn canh tỏi băm nát.\r\n	</p>\r\n\r\n	<p style="text-align: justify;">\r\n		-&nbsp;&nbsp;&nbsp;&nbsp;&nbsp;&nbsp;&nbsp;&nbsp;&nbsp; 1 gói bì đông lạnh nhỏ sợi.\r\n	</p>\r\n\r\n	<p style="text-align: center;">\r\n		<a data-mce-href="http://dayhoclambanh.edu.vn/sp/hoc-lam-banhhoc-lam-banh-mi-hoc-lam-banh-kem-hoc-lam-banhhoc-lam-banh-mi-hoc-lam-banh-kem/3/v=0/hoc-lam-banh.html" href="http://dayhoclambanh.edu.vn/sp/hoc-lam-banhhoc-lam-banh-mi-hoc-lam-banh-kem-hoc-lam-banhhoc-lam-banh-mi-hoc-lam-banh-kem/3/v=0/hoc-lam-banh.html"><img alt="hoc_lam_banh_mi_bi_2" data-mce-src="files/assets/Hoclambanhmi/hoc_lam_banh_mi_bi_2.jpg" src="http://localhost:8080/hoclambanh/images/uploads/images/hoclambanhmi/banh_mi_bi.jpg" style="height: 70%; width: 70%;"></a>\r\n	</p>\r\n\r\n	<h3 style="text-align: center;">\r\n		<em>Học làm bánh mì bì</em>\r\n	</h3>\r\n\r\n	<h2 style="text-align: justify;">\r\n		<strong>Cách làm thịt bì cho người học làm bánh mì bì.</strong>\r\n	</h2>\r\n\r\n	<p style="text-align: justify;">\r\n		Đầu tiên ra chợ, chọn thịt tươi, có nguồn gốc rõ rang, và chú ý là phải chọn loại thịt vừa mới làm xong ấy rồi mang về rửa sạch, cắt ngang có độ dày khoảng 2,5 cm, rồi trộn tỏi bằm, đường, muối, bột ngọt, nước mắm rồi ướp trong khoảng 30 phút. Bắc chảo lên bếp, cho dầu ăn vào rồi bật lửa, đợi dầu nóng, cho thịt vừa ướp ở trên vào chiên, chiên mỗi bên khoảng 10 phút cho thịt vàng mỗi bên là được. Đợi thịt nguội, rồi dùng dao sạch, và thớt sạch, thái thịt bằng cỡ cái tăm nhưng cần lưu ý là thịt phải mềm mại, và mỏng thì mới thu được thịt gon.\r\n	</p>\r\n\r\n	<p style="text-align: justify;">\r\n		Bước tiếp theo người học làm bánh mì bì cần làm là bì mang về rửa sạch, nhúng qua nước sôi, đợi bì khô, cắt thành lát như cái tăm, rồi đem đi trộn với tỏi phi thơm, tỏi sống, tỏi phi, chút muối để được bì thơm ngon.\r\n	</p>\r\n\r\n	<p style="text-align: justify;">\r\n		Một đặc điểm nổi bật mà các bạn học làm bánh mì bì cần lưu ý là bì và thịt phải mảnh, thịt phải ngon tươi, trộn bì khá với thính thì bì sẽ thơm, nếu thin ít quá thì sẽ không thơm được.\r\n	</p>\r\n\r\n	<p style="text-align: justify;">\r\n		Trên là ta đã làm xong tạo bì rồi, giờ tiến hành làm bánh mì bì ta tiến hành thao tác như sau:\r\n	</p>\r\n\r\n	<p style="text-align: justify;">\r\n		Bỏ bánh mì theo bề dài của bánh, cho bì heo, hành shallot, dầu hành, đồ chua rồi chan nước mắm ngọt tỏi ớt\r\n	</p>\r\n\r\n	<p style="text-align: center;">\r\n		<a data-mce-href="http://dayhoclambanh.edu.vn/ct/hoc-lam-banhhoc-lam-banh-hoc-lam-banh-mi-hoc-lam-banh-kemhoc-lam-banh-mihoc-lam-banh-kem/37/hoc-lam-banh-mi-gia-re-chuyen-nghiep-tai-quan-3-ho-chi-minh.html" href="http://dayhoclambanh.edu.vn/ct/hoc-lam-banhhoc-lam-banh-hoc-lam-banh-mi-hoc-lam-banh-kemhoc-lam-banh-mihoc-lam-banh-kem/37/hoc-lam-banh-mi-gia-re-chuyen-nghiep-tai-quan-3-ho-chi-minh.html"><img alt="hoc_lam_banh_mi_bi" data-mce-src="files/assets/Hoclambanhmi/hoc_lam_banh_mi_bi.jpg" src="http://localhost:8080/hoclambanh/images/uploads/images/hoclambanhmi/banh_mi_bi_2.jpg" style="height: 70%; width: 70%;"></a>\r\n	</p>\r\n\r\n	<h3 style="text-align: center;">\r\n		<em>Học làm bánh mì bì</em>\r\n	</h3>\r\n</div>', 'images/uploads/images/hoclambanhmi/hoc-lam-banh-mi-bi-ngon-gia-re.jpg', 'Học Làm Bánh Mì Bì', 'Học Làm Bánh Mì Bì', 'Học Làm Bánh Mì Bì', 1, 1, 1, 1, '2018-06-12 07:06:14', '2018-06-12 07:06:14'),
(15, 'Học Làm Bánh Mì Chiên Phủ Bơ Sữa', 'hoc-lam-banh-mi-chien-phu-bo-sua', '<p>\r\n	Học Làm Bánh Mì Chiên Phủ Bơ Sữa\r\n</p>', '<div class="noidungchitiet">\r\n	<p style="text-align: justify;">\r\n		Nhu cầu học làm bánh mì ở Việt Nam hiện nay rất lớn vì khi nói đến bánh mì thì 100% người Việt Nam đều biết, từ già cho tới trẻ, từ các em bé mới bập bẽm biết nói cho đến các bậc cao niên. Bánh mì đã đi vào cuộc sống của mỗi con người Việt Nam nên con người ở đất nước này rất ưa chuộng món bánh mì này, chính vì vậy mà rất nhiều người muốn theo học làm bánh, trước để làm bánh phục vụ gia đình, một bộ phận học về để mở cơ sở sản xuất và kình doanh. Chính vì thế mà hôm nay chúng tôi tranh thủ hướng dẫn các bạn một món thuộc loại bánh mì đó là học làm bánh mì chiên phủ bơ sữa.\r\n	</p>\r\n\r\n	<h2 style="text-align: justify;">\r\n		<strong>Nguyên liệu: Các bạn học làm bánh mì chiên phủ bơ sữa cần chuẩn bị các nguyên liệu.</strong>\r\n	</h2>\r\n\r\n	<p style="text-align: justify;">\r\n		Nguyên liệu là cái cốt yếu để ta tạo nên những cái bánh ngon và đầy đủ hương vị, chính vì thế nên ta cần chuẩn bị đầy đủ nguyên việt và thành phần của mỗi nguyên liệu để ta có cái bánh mang hương vị và thơm ngon gợi cảm để người dung cảm thấy muốn ăn khi ngửi và nhìn thấy. Đây là mình liệu lượng làm cho 4 đến 5 người ăn nhé, nếu các bạn làm số người ăn nhiều hơn thì có thể tăng nguyên liệu lên cho hợp với số người ăn nhé. Nguyên liệu gồm:\r\n	</p>\r\n\r\n	<p style="text-align: justify;">\r\n		-&nbsp;&nbsp;&nbsp;&nbsp;&nbsp;&nbsp;&nbsp;&nbsp;&nbsp; 8 lát bánh mì.\r\n	</p>\r\n\r\n	<p style="text-align: justify;">\r\n		-&nbsp;&nbsp;&nbsp;&nbsp;&nbsp;&nbsp;&nbsp;&nbsp;&nbsp; 12 muỗng canh sữa đặc.\r\n	</p>\r\n\r\n	<p style="text-align: justify;">\r\n		-&nbsp;&nbsp;&nbsp;&nbsp;&nbsp;&nbsp;&nbsp;&nbsp;&nbsp; 1 lích sữa tươi.\r\n	</p>\r\n\r\n	<p style="text-align: justify;">\r\n		-&nbsp;&nbsp;&nbsp;&nbsp;&nbsp;&nbsp;&nbsp;&nbsp;&nbsp; 2 đến 3 muỗn bơ nhạt.\r\n	</p>\r\n\r\n	<p style="text-align: justify;">\r\n		-&nbsp;&nbsp;&nbsp;&nbsp;&nbsp;&nbsp;&nbsp;&nbsp;&nbsp; 1 muỗi cà phê bột đậu&nbsp; khấu.\r\n	</p>\r\n\r\n	<p style="text-align: justify;">\r\n		-&nbsp;&nbsp;&nbsp;&nbsp;&nbsp;&nbsp;&nbsp;&nbsp;&nbsp; 1 muỗn đường cát trắng.\r\n	</p>\r\n\r\n	<p style="text-align: justify;">\r\n		-&nbsp;&nbsp;&nbsp;&nbsp;&nbsp;&nbsp;&nbsp;&nbsp;&nbsp; Hỗm hợp các loại quả bao gồm hạt hạnh nhân, quả hồ trăn, quả óc chó, hạt điều và nho khô.\r\n	</p>\r\n\r\n	<p style="text-align: center;">\r\n		<a data-mce-href="http://dayhoclambanh.edu.vn/sp/hoc-lam-banhhoc-lam-banh-mi-hoc-lam-banh-kem-hoc-lam-banhhoc-lam-banh-mi-hoc-lam-banh-kem/3/v=0/hoc-lam-banh.html" href="http://dayhoclambanh.edu.vn/sp/hoc-lam-banhhoc-lam-banh-mi-hoc-lam-banh-kem-hoc-lam-banhhoc-lam-banh-mi-hoc-lam-banh-kem/3/v=0/hoc-lam-banh.html"><img alt="hoc_lam_banh_mi_chien_phu_bo_sua" src="http://localhost:8080/hoclambanh/images/uploads/images/hoclambanhmi/hoc_lam_banh_mi_chien_phu_bo_sua.jpg" style="height: 70%; width: 70%;"></a>\r\n	</p>\r\n\r\n	<h3 style="text-align: center;">\r\n		học làm bánh mì chiên phủ bơ\r\n	</h3>\r\n\r\n	<h2 style="text-align: justify;">\r\n		Cách làm: Người học làm bánh mì chiên phủ bơ sữa cần chú ý cách làm.\r\n	</h2>\r\n\r\n	<p style="text-align: justify;">\r\n		Cách làm bánh rất quan trọng, nó quyết định đổ thẩm mỹ, chất lượng, đẹp mát và đặc biết là bánh có ngon không phụ thuộc rất lớn vào các thao tác của người làm bánh, chính vì vậy nên các bạn&nbsp; cần chú ý quá trình làm và cách làm thế nào để thu được bánh ngon, đẹp mắt và đầy đủ hương vị của bánh.\r\n	</p>\r\n\r\n	<p style="text-align: justify;">\r\n		Ta bắt đầu tiến hành làm nhé. Đầu tiên ta dùng dao cắt bỏ phần viền của bánh mì rồi ta cắt bánh thành những miếng vuông nhỏ. Các loại quả bỏ vở rồi để nguyên, riêng hạt điều giã nhỏ\r\n	</p>\r\n\r\n	<p style="text-align: justify;">\r\n		Bước tiếp theo người học làm bánh mì chiên phủ bơ sữa cần làm là bác chảo lên bếp, cho bơ nhạt vào làm nóng, cho đến lúc bơ tan hoàn taofn rồi cho bánh mì vào chiên cho tới lúc bánh mì có màu vàng. Trong quá trình chiên cần chú ý là cho nhỏ lửa để bánh không bị cháy và nhớ lật 2 mặt để thu được bánh có màu vàng nâu cả 2 mặt nhé. Sau lúc chiên xong, cho bánh ra để ráo. Rồi bỏ các lại quả vào chảo bơ ở trên chiên cho thơm, không cần chiên lâu, mà chỉ đảo qua thôi, vì các quả này đã chính rồi nên không phải làm lâu mất thời gian nhé.\r\n	</p>\r\n\r\n	<p style="text-align: justify;">\r\n		Tiếp đến cho sữa vào một cái nồi, bác lên bếp đung lửa vừa phải thôi, rồi cho sữa đặc, đường cát trắng, bột bạch đậu khấu, quả nhục đậu khấu vào nồi sữa tươi rồi quấy đều. Lúc hỗm hợp sôi thì hạm lữa nhỏ lại.Lúc nào ta thấy hỗn hợp sữa đặt lại thì cho những miếng bánh mì chiên vào sữa, sau đó cho thêm các loại quả&nbsp; các loại quả mà ta vừa chiên ở trên vào rồi tắt bếp. Tiếp đến người học làm bánh mì chiên&nbsp; bơ sữa cần làm là múc hỗn hợp trên ra đĩa rắc thêm hạt điều và nho khô ở trên&nbsp; lên bề mặt. Mỗi người có một cách nhìn và bố trí khác nhau, nên ta làm sao mà cảm thấy đẹp mắt thì mình làm nhé\r\n	</p>\r\n\r\n	<p style="text-align: center;">\r\n		<a data-mce-href="http://dayhoclambanh.edu.vn/ct/hoc-lam-banhhoc-lam-banh-hoc-lam-banh-mi-hoc-lam-banh-kemhoc-lam-banh-mihoc-lam-banh-kem/53/hoc-lam-banh-mi-ngu-coc-gia-re-chuyen-nghiep-tai-ho-chi-minh.html" href="http://dayhoclambanh.edu.vn/ct/hoc-lam-banhhoc-lam-banh-hoc-lam-banh-mi-hoc-lam-banh-kemhoc-lam-banh-mihoc-lam-banh-kem/53/hoc-lam-banh-mi-ngu-coc-gia-re-chuyen-nghiep-tai-ho-chi-minh.html"><img alt="hoc_lam_banh_mi_chien_phu_bo_sua_1" src="http://localhost:8080/hoclambanh/images/uploads/images/hoclambanhmi/hoc_lam_banh_mi_chien_phu_bo_sua_1.jpg" style="height: 70%; width: 70%;"></a>\r\n	</p>\r\n\r\n	<h3 style="text-align: center;">\r\n		học làm bánh mì chiên phủ bơ\r\n	</h3>\r\n</div>', 'images/uploads/images/hoclambanhmi/hoc-lam-banh-mi-chien-phu-bo-sua.jpg', 'Học Làm Bánh Mì Chiên Phủ Bơ Sữa', 'Học Làm Bánh Mì Chiên Phủ Bơ Sữa', 'Học Làm Bánh Mì Chiên Phủ Bơ Sữa', 1, 1, 1, 1, '2018-06-12 07:11:35', '2018-06-12 07:11:35'),
(16, 'Học Làm Bánh Mì Pháp', 'hoc-lam-banh-mi-phap', '<p>\r\n	Học Làm Bánh Mì Pháp\r\n</p>', '<div class="noidungchitiet">\r\n	<p style="text-align: justify;">\r\n		Học làm bánh mì Pháp là loại bánh mì có chiều dài, dài hơn chiều rộng rất nhiều, vỏ giòn. Bánh mì Pháp có chiều rộng khoảng 5-6 cm, và chiều cao 3 &ndash; 4 cm, chiều dài có khi lên đến cả mét, nó thường có trọng lượng khoảng 250 g. Chính vì nét nổ bật đó mà rất nhiều người muốn học làm loại bánh mì này, nên hôm nay mình tranh thủ làm một bài hướng dẫn mọi người cách tiến hành làm loại bánh này nhé.\r\n	</p>\r\n\r\n	<h2 style="text-align: justify;">\r\n		<strong>Nguyên liệu: Các bạn học làm bánh mì pháp cần chuẩn bị các nguyên liệu sau:</strong>\r\n	</h2>\r\n\r\n	<ol style="text-align: justify;">\r\n		<li>\r\n			Nguyên liệu làm bột chua\r\n		</li>\r\n	</ol>\r\n\r\n	<p style="text-align: justify;">\r\n		Bột mì: 200g.\r\n	</p>\r\n\r\n	<p style="text-align: justify;">\r\n		Men nở Instant: 2g.\r\n	</p>\r\n\r\n	<p style="text-align: justify;">\r\n		Đường cát trắng: 2g.\r\n	</p>\r\n\r\n	<p style="text-align: justify;">\r\n		Nước lọc: 200 ml.\r\n	</p>\r\n\r\n	<ol style="text-align: justify;">\r\n		<li>\r\n			Nguyên liệu làm bánh mì.\r\n		</li>\r\n	</ol>\r\n\r\n	<p style="text-align: justify;">\r\n		Bột mì 350g.\r\n	</p>\r\n\r\n	<p style="text-align: justify;">\r\n		Đường cắt trắng: 5g.\r\n	</p>\r\n\r\n	<p style="text-align: justify;">\r\n		Men nở: 6-7 g.\r\n	</p>\r\n\r\n	<p style="text-align: justify;">\r\n		Dầu thực vật:10 g.\r\n	</p>\r\n\r\n	<p style="text-align: justify;">\r\n		Muối tinh:3 g.\r\n	</p>\r\n\r\n	<p style="text-align: justify;">\r\n		Nước lọc: 200 ml.\r\n	</p>\r\n\r\n	<p style="text-align: justify;">\r\n		Bột chua:100g.\r\n	</p>\r\n\r\n	<ol style="text-align: justify;">\r\n		<li>\r\n			Dụng cụ mà những người học làm bánh mì pháp cần chuẩn bị gồm:\r\n		</li>\r\n	</ol>\r\n\r\n	<p style="text-align: justify; margin-left: 80px;">\r\n		Lò nướng.\r\n	</p>\r\n\r\n	<p style="text-align: justify; margin-left: 80px;">\r\n		Máy trộn bột.\r\n	</p>\r\n\r\n	<p style="text-align: justify; margin-left: 80px;">\r\n		Khay nướng bánh mì Pháp 3 rảnh.\r\n	</p>\r\n\r\n	<p style="text-align: justify; margin-left: 80px;">\r\n		Màng bọc thực phẩm hoạc khan vải bông sạch.\r\n	</p>\r\n\r\n	<p style="text-align: justify; margin-left: 80px;">\r\n		Lọ thủy tinh kín.\r\n	</p>\r\n\r\n	<p style="text-align: justify; margin-left: 80px;">\r\n		Khay to đựng nước.\r\n	</p>\r\n\r\n	<p style="text-align: justify; margin-left: 80px;">\r\n		Phới lồng cầm tay.\r\n	</p>\r\n\r\n	<p style="text-align: justify; margin-left: 80px;">\r\n		Dao.\r\n	</p>\r\n\r\n	<p style="text-align: justify; margin-left: 80px;">\r\n		Chén, tô sạch.\r\n	</p>\r\n\r\n	<p style="text-align: center;">\r\n		<img alt="hoc_lam_banh_mi_phap_1" data-mce-src="files/assets/Hoclambanhmi/hoc_lam_banh_mi_phap_1.jpg" src="http://localhost:8080/hoclambanh/images/uploads/images/hoclambanhmi/hoc_lam_banh_mi_phap_1.jpg" style="width: 70%; height: 70%;">\r\n	</p>\r\n\r\n	<h3 style="text-align: center;">\r\n		Học làm bánh mì pháp\r\n	</h3>\r\n\r\n	<h2 style="text-align: justify;">\r\n		<strong>Cách làm: Người học làm bánh mì pháp cần theo dõi cách làm.</strong>\r\n	</h2>\r\n\r\n	<p style="text-align: justify;">\r\n		Làm bột mì chua:\r\n	</p>\r\n\r\n	<p style="text-align: justify;">\r\n		Đầu tiên ta lấy một cái tô sách, rồi cho nước lọc và đường vào rồi khuấy đều, tới lúc đường tan hết rồi cho men nở vào khuấy đều tay nhị sau đó cho men nghỉ khoảng 10 phút.\r\n	</p>\r\n\r\n	<p style="text-align: justify;">\r\n		Tiếp đến người học làm bánh mì Pháp cần thực hiện là cho bột mì vào&nbsp; hỗn hợp nước đường vừa làm ở trên rồi khuấy đều, đến lúc thu được hỗn hợp bột sền sệt và đều nhau thì lấy một cái khan phủ lên bột, để ở nhiệt độ thường trong khoảng thời gian 4 đến 8 tiếng, tùy theo nhiệt độ môi trường, thường thì mùa hè để khoảng 4 tiếng, mùa đông khoảng 8 tiếng.\r\n	</p>\r\n\r\n	<p style="text-align: justify;">\r\n		Sauk hi ủ đủ thời gian thì cho men chua vào lọ thủy tinh đậy kín rồi cho vào để trong ngăn mát tủ lạnh. Nó có thể dung trong vòng 14 ngày.\r\n	</p>\r\n\r\n	<p style="text-align: justify;">\r\n		Làm bánh mì.\r\n	</p>\r\n\r\n	<p style="text-align: justify;">\r\n		Cũng giống như làm bột mì chua là bước đầu tiên, cho 500ml nước vào một cái tô sạch rồi cho đường trắng vào khuấy đều cho đường tan hết rồi sau đó cho men nở vào khuấy đều và cho men nghỉ khoảng 10 phút.\r\n	</p>\r\n\r\n	<p style="text-align: justify;">\r\n		Tiếp đên là lấy lượng nước còn lại với 100 g bột chua vừa làm ở trên vào rồi khuấy đều cho hỗn hợp hòa quyện với nhau.\r\n	</p>\r\n\r\n	<p style="text-align: justify;">\r\n		Bước tiếp đến người học làm bánh cần làm là cho hỗn hợp gồm&nbsp; bột, đường, men nở vào một cái tô cỡ lớn và sạch rồi dung máy trộn bột đến khi hỗn hợp bột thật mịn và dai thì đem bột đi ủ trong khoảng thời gian 30 đến 60 phút đến lúc khối bột tăng lên gấp đôi thì được. Tiếp đến dung tay đấm hoạc ép cho hỗn hợp ra hết khí, xong chia khối bột thành 3 phần bằng nhau, và đợi 10 phút cho bột nghỉ.Bước tiếp là tạo hình, nếu người học làm bánh mì có khuôn thì làm khuôn, không thì tự làm tay, hình dạng thì tùy theo ý mình nên các bạn tự điều chỉnh nhé, rồi tiếp tục cho bột nghỉ khoàng 30 đến 60 phút sao cho bột tăng gấp đôi là được. Lấy dao rạch 3 -5 vạch theo dọc bánh để bánh có chổ nở ra khi nướng bánh rồi xịt nước khắp mặt bánh rất là chổ rạch để bánh nở ra được đẹp hơn.\r\n	</p>\r\n\r\n	<p style="text-align: justify;">\r\n		Bước cuối cùng người học làm bánh mì pháp cần làm là nước bánh. Đổ 80 đến 100 ml nước vào khay đặt dưới lò nướng rồi bật lò ở nhiệt độ 250 độ c và bật quạt gió, tiếp đến cho bột vào lò nướng bánh, nướng trong khoảng 20 đến 25 phút, khi thấy bánh chin màu vàng thì hạ nhiệt độ xuống còn 220 độ c, và tiếp tục nướng cho tới khi bánh chính vàng đẹp mắt. Nhận biết bánh bạn làm đạt yêu cầu không thì nếu bánh làm thành công có những đặc điểm nổi bật như vỏ mỏng, giòn, ruột đặc nở xốp bông và có mùi thơm đặc trưng của bánh mì Pháp.\r\n	</p>\r\n\r\n	<p style="text-align: center;">\r\n		<img alt="hoc_lam_banh_mi_phap_2" data-mce-src="files/assets/Hoclambanhmi/hoc_lam_banh_mi_phap_2.jpg" src="http://localhost:8080/hoclambanh/images/uploads/images/hoclambanhmi/hoc_lam_banh_mi_phap_2.jpg" style="width: 70%; height: 70%;">\r\n	</p>\r\n\r\n	<h3 style="text-align: center;">\r\n		Học làm bánh mì pháp\r\n	</h3>\r\n</div>', 'images/uploads/images/hoclambanhmi/hoc-lam-banh-mi-phap-gia-re-tai-ho-chi-minh.jpg', 'Học Làm Bánh Mì Pháp', 'Học Làm Bánh Mì Pháp', 'Học Làm Bánh Mì Pháp', 1, 1, 1, 1, '2018-06-12 07:14:57', '2018-06-12 07:14:57');
INSERT INTO `posts` (`id`, `title`, `path`, `description`, `content`, `image`, `seo_title`, `seo_description`, `seo_keywords`, `post_type`, `isActive`, `category_item_id`, `user_id`, `created_at`, `updated_at`) VALUES
(17, 'Học Làm Bánh Mì Ngũ Cốc', 'hoc-lam-banh-mi-ngu-coc', '<p>\r\n	Học Làm Bánh Mì Ngũ Cốc\r\n</p>', '<div class="noidungchitiet">\r\n	<p style="text-align: justify;">\r\n		Mình từ tìm cách học làm bánh mì ngũ cốc nhưng qua quá trình tìm hiểu mình cũng biết được bánh mì ngũ cốc là loại bánh mì được từ nguyên liệu tổng hợp của các&nbsp; các loại ngũ cốc và yêu cầu các loại ngũ cốc cần xay thành cám nên màu sắc của bánh mì ngũ cốc có màu nâu sẩm.Bánh mì Ngũ cốc là một loại bánh lành mạnh, đặc biệt là về dinh dưỡng, nó cung cấp năng lượng cho các bạn và các chất dinh dưỡng cần thiết cho cơ thể đặc biết là các bà mẹ đang mang thai\r\n	</p>\r\n\r\n	<h2 style="text-align: justify;">\r\n		<strong>Nguyên liệu: Các bạn học làm bánh mì ngũ cốc cần chuẩn bị các loại nguyên liệu.</strong>\r\n	</h2>\r\n\r\n	<p style="text-align: justify;">\r\n		Nguyên liệu làm bánh nói chung và nguyên liệu làm bánh mì ngũ cốc nói riêng là rất quan trọng, trong đó thành phần và liều lượng là điều quyết đinh đến hương vị cũng như màu sác của bánh nên các bạn học làm bánh mì ngũ cốc cần đặc biệt chú ý và tuân thủ theo liều lượng, tuy nhiên, mỗi cơ sở dạy có một công thức khác nhau, tùy vào vùng miền và sở thích nữa.\r\n	</p>\r\n\r\n	<p style="text-align: justify;">\r\n		1 kg bột mì xay nhuyễn cùng 5 loại ngũ cốc.\r\n	</p>\r\n\r\n	<p style="text-align: justify;">\r\n		0,1 kg hạt Chia.\r\n	</p>\r\n\r\n	<p style="text-align: justify;">\r\n		0,1 kg hạt lúa mạch xát dập mỏng.\r\n	</p>\r\n\r\n	<p style="text-align: justify;">\r\n		400-500 ml sữa tươi không đường.\r\n	</p>\r\n\r\n	<p style="text-align: justify;">\r\n		0,1 kg bơ mỡ không đường.\r\n	</p>\r\n\r\n	<p style="text-align: justify;">\r\n		&frac12; thìa cà phê muối.\r\n	</p>\r\n\r\n	<p style="text-align: justify;">\r\n		Bốn quả trứng\r\n	</p>\r\n\r\n	<p style="text-align: justify;">\r\n		Một cục bột nở.\r\n	</p>\r\n\r\n	<p style="text-align: justify;">\r\n		Một thìa cà phê bột vani.\r\n	</p>\r\n\r\n	<p style="text-align: justify;">\r\n		Một thìa cà phê bột nổi khô.\r\n	</p>\r\n\r\n	<p style="text-align: justify;">\r\n		Hai thìa canh đường.\r\n	</p>\r\n\r\n	<p style="text-align: justify;">\r\n		0,1 kg hạt ngũ cốc lẫn lộn gồm bí đỏ băm nhỏ, hướng dương, hạt chia, hạt mạch, hạt kê.\r\n	</p>\r\n\r\n	<p style="text-align: center;">\r\n		<img alt="hoc_lam_banh_mi_ngu_coc_2" data-mce-src="files/assets/Hoclambanhmi/hoc_lam_banh_mi_ngu_coc_2.jpg" src="http://localhost:8080/hoclambanh/images/uploads/images/hoclambanhmi/hoc_lam_banh_mi_ngu_coc_2.jpg" style="width: 70%; height: 70%;">\r\n	</p>\r\n\r\n	<h3 style="text-align: center;">\r\n		học làm bánh mì ngũ cốc\r\n	</h3>\r\n\r\n	<h2 style="text-align: justify;">\r\n		Cách làm: Các bạn học làm bánh mì ngũ cốc cần chú ý cách làm.\r\n	</h2>\r\n\r\n	<p style="text-align: justify;">\r\n		Làm bánh là bước rất quan trọng, đây là khâu mà tất cả các bạn có nhu cầu quan tâm nhất, và đây cũng là bước quan trọng quyết định đến sản phẩm của bạn làm có thành công hay không. Nên các bạn cần theo dõn và tiến hành làm cẩn thận nhé.\r\n	</p>\r\n\r\n	<p style="text-align: justify;">\r\n		Ta bắt đầu tiến hành làm nhé. Đầu tiền lấy ra 200 g hạt chia và hạt mạch đen để riêng ra, còn lại toàn bộ vật liệu khô cho vào 1 cái tô trộn rồi tiến hành trộn đều, nếu bạn có máy đánh bột thì đổ bột vào máy rồi tiến hành xay.\r\n	</p>\r\n\r\n	<p style="text-align: justify;">\r\n		Bước tiến đến các bạn học làm bánh mì ngũ cốc cần làm là cho sữa tươi vào nồi, đun nóng ở 37 độc c rồi bỏ cục bơ tươi vào sữa ở trên rồi đánh cho tan trong sữa. Các bạn lưu ý nếu sữa già quá sữa sẽ chết bột. Rồi đổ bơ mình vừa làm xong vào hỗn hợp bột. Sau đó bật máy ở chế độ giữa rồi từ từ đổ hỗn hợp sữa vào, khi máy hoạt động, ta thấy bột kéo thành giây ta bật nút lớn khoảng 10s. Mở máy lấy bánh ra chia làm 8 phần bằng nhau, đây là 8 cái bánh mà ta muốn làm rồi cho bánh này lăn trên hỗn hợp bột mà ta trừ lại lúc nảy\r\n	</p>\r\n\r\n	<p style="text-align: justify;">\r\n		Dùng khăn phủ lên bánh trong khoảng thời gian 45p để nới thoáng mắt đợi thì bột sẽ nở lên gấp 3 lần. Sau đó các bạn học làm bánh bật bết nướng ở 180 độ c&nbsp; rồi tiến hành nướng trong khoảng 10 đến 15 phút. Vậy là xong làm bánh rồi, chúc các bạn thành công\r\n	</p>\r\n\r\n	<p>\r\n		<img alt="hoc_lam_banh_mi_ngu_coc_1" data-mce-src="files/assets/Hoclambanhmi/hoc_lam_banh_mi_ngu_coc_1.jpg" src="http://localhost:8080/hoclambanh/images/uploads/images/hoclambanhmi/hoc_lam_banh_mi_ngu_coc_1.jpg" style="display: block; margin-left: auto; margin-right: auto; height: 70%; width: 70%;">\r\n	</p>\r\n\r\n	<p style="text-align: center;">\r\n		&nbsp;\r\n	</p>\r\n\r\n	<h3 style="text-align: center;">\r\n		học làm bánh mì ngũ cốc\r\n	</h3>\r\n</div>', 'images/uploads/images/hoclambanhmi/hoc-lam-banh-mi-ngu-coc-gia-re.jpg', 'Học Làm Bánh Mì Ngũ Cốc', 'Học Làm Bánh Mì Ngũ Cốc', 'Học Làm Bánh Mì Ngũ Cốc', 1, 1, 1, 1, '2018-06-12 07:19:36', '2018-06-12 07:19:36'),
(18, 'Dạy Làm Bánh Kem', 'day-lam-banh-kem', '<p>\r\n	Dạy Làm Bánh Kem\r\n</p>', '<div class="noidungchitiet">\r\n	<div class="module-content clearfix">\r\n		<p>\r\n			Lớp học không quá 5 người, gây mất tập trung không hỏi được nhiều.\r\n		</p>\r\n\r\n		<p>\r\n			Dạy 24/24\r\n		</p>\r\n\r\n		<p>\r\n			Thời gian học, theo học viên\r\n		</p>\r\n\r\n		<p>\r\n			Thực hành tại chỗ có máy lạnh. &nbsp; &nbsp; &nbsp; &nbsp; &nbsp; &nbsp; &nbsp; &nbsp; &nbsp; &nbsp; &nbsp; &nbsp; &nbsp; &nbsp; &nbsp; &nbsp; &nbsp; &nbsp; &nbsp; &nbsp; &nbsp; &nbsp; &nbsp; &nbsp; &nbsp; &nbsp; &nbsp; &nbsp; &nbsp; &nbsp; &nbsp; &nbsp; &nbsp; &nbsp; &nbsp;&nbsp;\r\n		</p>\r\n\r\n		<p>\r\n			Sau khi làm xong có thể đem sản phẩm về.&nbsp;\r\n		</p>\r\n\r\n		<p>\r\n			Học về làm không được , tới học lại không tốn tiền.&nbsp;\r\n		</p>\r\n\r\n		<p>\r\n			<strong>Phụ trách bởi: Cô Na, Cô Ni, Cô Bé</strong>\r\n		</p>\r\n\r\n		<p style="text-align: center;">\r\n			<span style="font-size: 14pt;"><strong>*** Lớp học bánh kem ****</strong></span>\r\n		</p>\r\n\r\n		<p style="text-align: center;">\r\n			<span style="font-size: 14pt;"><strong>***Giá chỉ 3 triệu**</strong></span>\r\n		</p>\r\n\r\n		<p style="text-align: center;">\r\n			<span style="font-size: 18.6667px; color: #ff0000;"><strong>Tặng bánh kem bắp</strong></span>\r\n		</p>\r\n\r\n		<p style="text-align: center;">\r\n			<span style="font-size: 18.6667px; color: #ff0000;"><strong>Tặng khoá học phú socola lên bánh</strong></span>\r\n		</p>\r\n\r\n		<p style="text-align: center;">\r\n			<span style="font-size: 18.6667px; color: #ff0000;"><strong>Bao nguyên liệu và dụng cụ</strong></span>\r\n		</p>\r\n\r\n		<p style="text-align: center;">\r\n			<span style="font-size: 18.6667px; color: #ff0000;"><strong>Thời gian học: học đến khi làm được</strong></span>\r\n		</p>\r\n\r\n		<p style="text-align: center;">\r\n			<span style="font-size: 12pt;">Học viên có nhu cầu học:</span>\r\n		</p>\r\n\r\n		<p style="text-align: center;">\r\n			<span style="font-size: 12pt;">Học tại lớp</span>\r\n		</p>\r\n\r\n		<p style="text-align: center;">\r\n			<span style="font-size: 12pt;">Dạy tại nhà học viên</span>\r\n		</p>\r\n\r\n		<p style="text-align: center;">\r\n			<span style="font-size: 12pt;">Có chổ ở lại miễn phí cho học viên ở xa</span>\r\n		</p>\r\n\r\n		<p style="text-align: center;">\r\n			&nbsp;\r\n		</p>\r\n\r\n		<p style="text-align: center;">\r\n			<span style="color: #ff0000;"><strong>Học thầy hoặc cô đều được</strong></span>\r\n		</p>\r\n\r\n		<p style="text-align: center;">\r\n			<span style="color: #ff0000;"><strong>Học theo thời gian học viên</strong></span>\r\n		</p>\r\n\r\n		<p style="text-align: center;">\r\n			&nbsp;\r\n		</p>\r\n\r\n		<p style="text-align: center;">\r\n			<span style="color: #000000;">Từ cốt bánh bông lan đến các loại bông hoa</span>\r\n		</p>\r\n\r\n		<p style="text-align: center;">\r\n			<span style="color: #000000;">Bao kem và dụng cụ trang trí suốt thời gian học</span>\r\n		</p>\r\n\r\n		<p style="text-align: center;">\r\n			<span style="color: #000000;">Tặng bánh kem bắp</span>\r\n		</p>\r\n\r\n		<p style="text-align: center;">\r\n			Thời lượng học không tính thêm phí, học đến khi nào biết thì thôi\r\n		</p>\r\n\r\n		<p style="text-align: center;">\r\n			&nbsp;\r\n		</p>\r\n\r\n		<p style="text-align: center;">\r\n			<span style="font-size: 24pt;"><strong>học làm bánh mì - học làm bánh kem - học các loại bánh Việt - Âu</strong></span>\r\n		</p>\r\n\r\n		<p style="text-align: center;">\r\n			<span style="font-family: Arial; font-size: 14pt; color: #ff0000;">Liên hệ ngay</span>\r\n		</p>\r\n\r\n		<p style="text-align: center;">\r\n			<span style="font-size: 14pt; color: #ff0000;">Địa chỉ: 145/23 Lê Quang Định, Phường 14, Quận Bình Thạnh&nbsp;<strong><span style="font-size: 14pt; color: #ff0000;">(Đối diện chợ Bà <strong>Bà&nbsp;<strong><strong>Chiểu</strong></strong></strong>)</span></strong></span>\r\n		</p>\r\n\r\n		<p style="text-align: center;">\r\n			<br>\r\n			<span style="font-size: 14pt; color: #ff0000;"><strong>Hotline: 0989 48 00 48 (Cô Na)</strong></span>\r\n		</p>\r\n\r\n		<center>\r\n			<span class="mce-preview-object mce-object-iframe" contenteditable="false" data-mce-object="iframe" data-mce-p-data-mce-src="https://www.google.com/maps/embed/v1/place?q=145%20l%C3%AA%20quang%20%C4%91%E1%BB%8Bnh&amp;key=AIzaSyBZ9KEXc0dtERZPMrOibAnE_wmhjzEaBuQ" data-mce-p-frameborder="0" data-mce-p-src="https://www.google.com/maps/embed/v1/place?q=145%20l%C3%AA%20quang%20%C4%91%E1%BB%8Bnh&amp;key=AIzaSyBZ9KEXc0dtERZPMrOibAnE_wmhjzEaBuQ" style="border: 0;"><iframe data-mce-src="https://www.google.com/maps/embed/v1/place?q=145%20l%C3%AA%20quang%20%C4%91%E1%BB%8Bnh&amp;key=AIzaSyBZ9KEXc0dtERZPMrOibAnE_wmhjzEaBuQ" frameborder="0" height="400px" src="https://www.google.com/maps/embed/v1/place?q=145%20l%C3%AA%20quang%20%C4%91%E1%BB%8Bnh&amp;key=AIzaSyBZ9KEXc0dtERZPMrOibAnE_wmhjzEaBuQ" width="650px"></iframe></span>\r\n		</center>\r\n\r\n		<p style="text-align: center;">\r\n			<span style="font-size: 14pt;">** Tham khảo một số hình ảnh bánh kem **</span>&nbsp;\r\n		</p>\r\n\r\n		<p style="text-align: center;">\r\n			<img alt="screenshot2017_11_12at9.22.46pm" data-mce-src="files/assets/anhtiem/screenshot2017_11_12at9.22.46pm.png" src="http://localhost:8080/hoclambanh/images/uploads/images/hoclambanhmi/hoc_lam_banh_kem_1.png" style="width: 50%; height: 50%;">\r\n		</p>\r\n\r\n		<p style="text-align: center;">\r\n			<img alt="screenshot2017_11_12at9.22.33pm" data-mce-src="files/assets/anhtiem/screenshot2017_11_12at9.22.33pm.png" src="http://localhost:8080/hoclambanh/images/uploads/images/hoclambanhmi/hoc_lam_banh_kem_2.png" style="width: 50%; height: 50%;">\r\n		</p>\r\n\r\n		<p style="text-align: center;">\r\n			<img alt="screenshot2017_11_12at9.22.40pm" data-mce-src="files/assets/anhtiem/screenshot2017_11_12at9.22.40pm.png" src="http://localhost:8080/hoclambanh/images/uploads/images/hoclambanhmi/hoc_lam_banh_kem_3.png" style="width: 50%; height: 50%;">&nbsp;\r\n		</p>\r\n\r\n		<p style="text-align: center;">\r\n			<img alt="8" data-mce-src="http://daylambanhngon.com/daybanh_files/16.jpg" src="http://localhost:8080/hoclambanh/images/uploads/images/hoclambanhmi/hoc_lam_banh_kem_4.jpg" style="width: 50%; height: 50%;">\r\n		</p>\r\n\r\n		<p style="text-align: center;">\r\n			<img alt="8" data-mce-src="http://daylambanhngon.com/daybanh_files/13.jpg" src="http://localhost:8080/hoclambanh/images/uploads/images/hoclambanhmi/hoc_lam_banh_kem_5.jpg" style="width: 50%; height: 50%;">\r\n		</p>\r\n\r\n		<p style="text-align: center;">\r\n			<img alt="" data-mce-src="http://daylambanhngon.com/daybanh_files/image/a2.jpg" src="http://localhost:8080/hoclambanh/images/uploads/images/hoclambanhmi/hoc_lam_banh_kem_6.jpg" style="width: 50%; height: 50%;">\r\n		</p>\r\n\r\n		<p style="text-align: center;">\r\n			<img alt="" data-mce-src="http://daylambanhngon.com/daybanh_files/image/a3.jpg" src="http://localhost:8080/hoclambanh/images/uploads/images/hoclambanhmi/hoc_lam_banh_kem_7.jpg" style="width: 50%; height: 50%;">\r\n		</p>\r\n\r\n		<p style="text-align: center;">\r\n			<img alt="20170418_100927" data-mce-src="files/assets/hoclambanh/20170418_100927.jpg" src="http://localhost:8080/hoclambanh/images/uploads/images/hoclambanhmi/hoc_lam_banh_kem_8.jpg" style="width: 50%; height: 50%;">\r\n		</p>\r\n\r\n		<p style="text-align: center;">\r\n			<img data-mce-src="http://daylambanhngon.com/public/backend/filemanager/source/banhkem/a7.jpg" src="http://localhost:8080/hoclambanh/images/uploads/images/hoclambanhmi/hoc_lam_banh_kem_9.jpg" style="width: 50%; height: 50%;"> <img data-mce-src="http://daylambanhngon.com/public/frontend/img/imgbanh/anhbanhkem/1.jpg" src="http://localhost:8080/hoclambanh/images/uploads/images/hoclambanhmi/hoc_lam_banh_kem_10.jpg" style="width: 50%; height: 50%;"> <img data-mce-src="http://daylambanhngon.com/public/frontend/img/imgbanh/anhbanhkem/2.jpg" src="http://localhost:8080/hoclambanh/images/uploads/images/hoclambanhmi/hoc_lam_banh_kem_11.jpg" style="width: 50%; height: 50%;"> <img data-mce-src="http://daylambanhngon.com/public/frontend/img/imgbanh/anhbanhkem/3.jpg" src="http://localhost:8080/hoclambanh/images/uploads/images/hoclambanhmi/hoc_lam_banh_kem_12.jpg" style="width: 50%; height: 50%;"> <img data-mce-src="http://daylambanhngon.com/public/frontend/img/imgbanh/anhbanhkem/4.jpg" src="http://localhost:8080/hoclambanh/images/uploads/images/hoclambanhmi/hoc_lam_banh_kem_13.jpg" style="width: 50%; height: 50%;"> <img data-mce-src="http://daylambanhngon.com/public/backend/filemanager/source/banhkem/b4.jpg" src="http://localhost:8080/hoclambanh/images/uploads/images/hoclambanhmi/hoc_lam_banh_kem_14.jpg" style="width: 50%; height: 50%;"> <img data-mce-src="http://daylambanhngon.com/public/backend/filemanager/source/banhkem/b3.jpg" src="http://localhost:8080/hoclambanh/images/uploads/images/hoclambanhmi/hoc_lam_banh_kem_15.jpg" style="width: 50%; height: 50%;"> <img data-mce-src="http://daylambanhngon.com/public/backend/filemanager/source/banhkem/b5.jpg" src="http://localhost:8080/hoclambanh/images/uploads/images/hoclambanhmi/hoc_lam_banh_kem_16.jpg" style="width: 50%; height: 50%;"> <img data-mce-src="http://daylambanhngon.com/public/backend/filemanager/source/banhkem/a3.jpg" src="http://localhost:8080/hoclambanh/images/uploads/images/hoclambanhmi/hoc_lam_banh_kem_17.jpg" style="width: 50%; height: 50%;"> <img data-mce-src="http://daylambanhngon.com/public/backend/filemanager/source/banhkem/a4.jpg" src="http://localhost:8080/hoclambanh/images/uploads/images/hoclambanhmi/hoc_lam_banh_kem_18.jpg" style="width: 50%; height: 50%;"> <img data-mce-src="http://daylambanhngon.com/public/backend/filemanager/source/banhkem/a5.jpg" src="http://localhost:8080/hoclambanh/images/uploads/images/hoclambanhmi/hoc_lam_banh_kem_19.jpg" style="width: 50%; height: 50%;"> <img data-mce-src="http://daylambanhngon.com/public/backend/filemanager/source/banhkem/a6.jpg" src="http://localhost:8080/hoclambanh/images/uploads/images/hoclambanhmi/hoc_lam_banh_kem_20.jpg" style="width: 50%; height: 50%;"> <img data-mce-src="http://daylambanhngon.com/public/backend/filemanager/source/banhkem/12.jpg" src="http://localhost:8080/hoclambanh/images/uploads/images/hoclambanhmi/hoc_lam_banh_kem_21.jpg" style="width: 50%; height: 50%;"> <img data-mce-src="http://daylambanhngon.com/public/backend/filemanager/source/banhkem/5.jpg" src="http://localhost:8080/hoclambanh/images/uploads/images/hoclambanhmi/hoc_lam_banh_kem_22.jpg" style="width: 50%; height: 50%;"> <img data-mce-src="http://daylambanhngon.com/public/backend/filemanager/source/banhkem/16.jpg" src="http://localhost:8080/hoclambanh/images/uploads/images/hoclambanhmi/hoc_lam_banh_kem_23.jpg" style="width: 50%; height: 50%;"> <img data-mce-src="http://daylambanhngon.com/public/backend/filemanager/source/banhkem/17.jpg" src="http://localhost:8080/hoclambanh/images/uploads/images/hoclambanhmi/hoc_lam_banh_kem_24.jpg" style="width: 50%; height: 50%;">\r\n		</p>\r\n\r\n		<p style="text-align: center;">\r\n			&nbsp;\r\n		</p>\r\n\r\n		<p style="text-align: center;">\r\n			<span style="font-family: Arial; font-size: 14pt;">Liên hệ ngay</span>\r\n		</p>\r\n\r\n		<p style="text-align: center;">\r\n			<span style="font-size: 14pt;">Địa chỉ:&nbsp;<strong><span style="font-size: 14pt;">Địa chỉ:&nbsp;145/23 Lê Quang Định, Phường 14, Quận Bình Thạnh</span></strong><strong><span style="font-size: 14pt;">&nbsp;&nbsp;<strong><span style="font-size: 14pt;">(Đối diện chợ Bà <strong>Bà&nbsp;<strong><strong>Chiểu</strong></strong></strong>)</span></strong></span></strong></span><br>\r\n			<span style="font-size: 14pt;"><strong>Hotline: 0989 48 00 48 (Cô Na)</strong></span>\r\n		</p>\r\n	</div>\r\n</div>', 'images/uploads/images/hoclambanhmi/lop-day-hoc-lam-banh-kem.jpg', 'Dạy Làm Bánh Kem', 'Dạy Làm Bánh Kem', 'Dạy Làm Bánh Kem', 1, 1, 2, 1, '2018-06-12 08:01:47', '2018-06-12 08:01:47');

-- --------------------------------------------------------

--
-- Table structure for table `products`
--

CREATE TABLE `products` (
  `id` int(10) UNSIGNED NOT NULL,
  `name` varchar(191) COLLATE utf8mb4_unicode_ci NOT NULL,
  `path` varchar(191) COLLATE utf8mb4_unicode_ci NOT NULL,
  `isActive` tinyint(1) NOT NULL DEFAULT '0',
  `image` varchar(191) COLLATE utf8mb4_unicode_ci DEFAULT NULL,
  `description` longtext COLLATE utf8mb4_unicode_ci,
  `content` longtext COLLATE utf8mb4_unicode_ci NOT NULL,
  `code` varchar(191) COLLATE utf8mb4_unicode_ci DEFAULT NULL,
  `seo_title` varchar(191) COLLATE utf8mb4_unicode_ci DEFAULT NULL,
  `seo_description` text COLLATE utf8mb4_unicode_ci,
  `seo_keywords` text COLLATE utf8mb4_unicode_ci,
  `price` varchar(191) COLLATE utf8mb4_unicode_ci DEFAULT '0',
  `sale` int(11) NOT NULL DEFAULT '0',
  `final_price` varchar(191) COLLATE utf8mb4_unicode_ci DEFAULT '0',
  `order` int(11) NOT NULL DEFAULT '1',
  `user_id` int(10) UNSIGNED NOT NULL,
  `category_product_id` int(10) UNSIGNED NOT NULL,
  `created_at` timestamp NULL DEFAULT NULL,
  `updated_at` timestamp NULL DEFAULT NULL
) ENGINE=InnoDB DEFAULT CHARSET=utf8mb4 COLLATE=utf8mb4_unicode_ci;

-- --------------------------------------------------------

--
-- Table structure for table `roles`
--

CREATE TABLE `roles` (
  `id` int(10) UNSIGNED NOT NULL,
  `name` varchar(191) COLLATE utf8mb4_unicode_ci NOT NULL,
  `display_name` varchar(191) COLLATE utf8mb4_unicode_ci DEFAULT NULL,
  `description` varchar(191) COLLATE utf8mb4_unicode_ci DEFAULT NULL,
  `created_at` timestamp NULL DEFAULT NULL,
  `updated_at` timestamp NULL DEFAULT NULL
) ENGINE=InnoDB DEFAULT CHARSET=utf8mb4 COLLATE=utf8mb4_unicode_ci;

--
-- Dumping data for table `roles`
--

INSERT INTO `roles` (`id`, `name`, `display_name`, `description`, `created_at`, `updated_at`) VALUES
(1, 'admin', 'admin', 'administer the website and manage users', '2018-03-14 07:23:50', '2018-03-14 07:23:50');

-- --------------------------------------------------------

--
-- Table structure for table `role_user`
--

CREATE TABLE `role_user` (
  `user_id` int(10) UNSIGNED NOT NULL,
  `role_id` int(10) UNSIGNED NOT NULL
) ENGINE=InnoDB DEFAULT CHARSET=utf8mb4 COLLATE=utf8mb4_unicode_ci;

--
-- Dumping data for table `role_user`
--

INSERT INTO `role_user` (`user_id`, `role_id`) VALUES
(1, 1);

-- --------------------------------------------------------

--
-- Table structure for table `users`
--

CREATE TABLE `users` (
  `id` int(10) UNSIGNED NOT NULL,
  `name` varchar(191) COLLATE utf8mb4_unicode_ci NOT NULL,
  `email` varchar(191) COLLATE utf8mb4_unicode_ci NOT NULL,
  `password` varchar(191) COLLATE utf8mb4_unicode_ci NOT NULL,
  `remember_token` varchar(100) COLLATE utf8mb4_unicode_ci DEFAULT NULL,
  `created_at` timestamp NULL DEFAULT NULL,
  `updated_at` timestamp NULL DEFAULT NULL
) ENGINE=InnoDB DEFAULT CHARSET=utf8mb4 COLLATE=utf8mb4_unicode_ci;

--
-- Dumping data for table `users`
--

INSERT INTO `users` (`id`, `name`, `email`, `password`, `remember_token`, `created_at`, `updated_at`) VALUES
(1, 'nnduyquang', 'nnduyquang@gmail.com', '$2y$10$mStg572JFNI89/0Cg7TOGOUkACFaBl/nsNeOvx8zglr1qyJPA0tj6', 'LAoCOG08QT8J6vgLyqusqyJy4fuWGkyyq0fjRrBFUG1A9x0iwJCc7M65SUNp', '2018-03-14 07:24:10', NULL);

--
-- Indexes for dumped tables
--

--
-- Indexes for table `category_items`
--
ALTER TABLE `category_items`
  ADD PRIMARY KEY (`id`);

--
-- Indexes for table `category_permissions`
--
ALTER TABLE `category_permissions`
  ADD PRIMARY KEY (`id`),
  ADD UNIQUE KEY `category_permissions_name_unique` (`name`);

--
-- Indexes for table `configs`
--
ALTER TABLE `configs`
  ADD PRIMARY KEY (`id`),
  ADD KEY `configs_user_id_foreign` (`user_id`);

--
-- Indexes for table `menus`
--
ALTER TABLE `menus`
  ADD PRIMARY KEY (`id`);

--
-- Indexes for table `migrations`
--
ALTER TABLE `migrations`
  ADD PRIMARY KEY (`id`);

--
-- Indexes for table `password_resets`
--
ALTER TABLE `password_resets`
  ADD KEY `password_resets_email_index` (`email`);

--
-- Indexes for table `permissions`
--
ALTER TABLE `permissions`
  ADD PRIMARY KEY (`id`),
  ADD UNIQUE KEY `permissions_name_unique` (`name`),
  ADD KEY `permissions_category_permission_id_foreign` (`category_permission_id`);

--
-- Indexes for table `permission_role`
--
ALTER TABLE `permission_role`
  ADD PRIMARY KEY (`permission_id`,`role_id`),
  ADD KEY `permission_role_role_id_foreign` (`role_id`);

--
-- Indexes for table `posts`
--
ALTER TABLE `posts`
  ADD PRIMARY KEY (`id`),
  ADD KEY `posts_user_id_foreign` (`user_id`);

--
-- Indexes for table `products`
--
ALTER TABLE `products`
  ADD PRIMARY KEY (`id`),
  ADD KEY `products_user_id_foreign` (`user_id`),
  ADD KEY `products_category_product_id_foreign` (`category_product_id`);

--
-- Indexes for table `roles`
--
ALTER TABLE `roles`
  ADD PRIMARY KEY (`id`),
  ADD UNIQUE KEY `roles_name_unique` (`name`);

--
-- Indexes for table `role_user`
--
ALTER TABLE `role_user`
  ADD PRIMARY KEY (`user_id`,`role_id`),
  ADD KEY `role_user_role_id_foreign` (`role_id`);

--
-- Indexes for table `users`
--
ALTER TABLE `users`
  ADD PRIMARY KEY (`id`),
  ADD UNIQUE KEY `users_email_unique` (`email`);

--
-- AUTO_INCREMENT for dumped tables
--

--
-- AUTO_INCREMENT for table `category_items`
--
ALTER TABLE `category_items`
  MODIFY `id` int(10) UNSIGNED NOT NULL AUTO_INCREMENT, AUTO_INCREMENT=3;
--
-- AUTO_INCREMENT for table `category_permissions`
--
ALTER TABLE `category_permissions`
  MODIFY `id` int(10) UNSIGNED NOT NULL AUTO_INCREMENT, AUTO_INCREMENT=8;
--
-- AUTO_INCREMENT for table `configs`
--
ALTER TABLE `configs`
  MODIFY `id` int(10) UNSIGNED NOT NULL AUTO_INCREMENT, AUTO_INCREMENT=2;
--
-- AUTO_INCREMENT for table `menus`
--
ALTER TABLE `menus`
  MODIFY `id` int(10) UNSIGNED NOT NULL AUTO_INCREMENT;
--
-- AUTO_INCREMENT for table `migrations`
--
ALTER TABLE `migrations`
  MODIFY `id` int(10) UNSIGNED NOT NULL AUTO_INCREMENT;
--
-- AUTO_INCREMENT for table `permissions`
--
ALTER TABLE `permissions`
  MODIFY `id` int(10) UNSIGNED NOT NULL AUTO_INCREMENT, AUTO_INCREMENT=25;
--
-- AUTO_INCREMENT for table `posts`
--
ALTER TABLE `posts`
  MODIFY `id` int(10) UNSIGNED NOT NULL AUTO_INCREMENT, AUTO_INCREMENT=19;
--
-- AUTO_INCREMENT for table `products`
--
ALTER TABLE `products`
  MODIFY `id` int(10) UNSIGNED NOT NULL AUTO_INCREMENT;
--
-- AUTO_INCREMENT for table `roles`
--
ALTER TABLE `roles`
  MODIFY `id` int(10) UNSIGNED NOT NULL AUTO_INCREMENT, AUTO_INCREMENT=2;
--
-- AUTO_INCREMENT for table `users`
--
ALTER TABLE `users`
  MODIFY `id` int(10) UNSIGNED NOT NULL AUTO_INCREMENT, AUTO_INCREMENT=2;
--
-- Constraints for dumped tables
--

--
-- Constraints for table `configs`
--
ALTER TABLE `configs`
  ADD CONSTRAINT `configs_user_id_foreign` FOREIGN KEY (`user_id`) REFERENCES `users` (`id`) ON DELETE CASCADE ON UPDATE CASCADE;

--
-- Constraints for table `permissions`
--
ALTER TABLE `permissions`
  ADD CONSTRAINT `permissions_category_permission_id_foreign` FOREIGN KEY (`category_permission_id`) REFERENCES `category_permissions` (`id`) ON DELETE CASCADE ON UPDATE CASCADE;

--
-- Constraints for table `permission_role`
--
ALTER TABLE `permission_role`
  ADD CONSTRAINT `permission_role_permission_id_foreign` FOREIGN KEY (`permission_id`) REFERENCES `permissions` (`id`) ON DELETE CASCADE ON UPDATE CASCADE,
  ADD CONSTRAINT `permission_role_role_id_foreign` FOREIGN KEY (`role_id`) REFERENCES `roles` (`id`) ON DELETE CASCADE ON UPDATE CASCADE;

--
-- Constraints for table `posts`
--
ALTER TABLE `posts`
  ADD CONSTRAINT `posts_user_id_foreign` FOREIGN KEY (`user_id`) REFERENCES `users` (`id`) ON DELETE CASCADE ON UPDATE CASCADE;

--
-- Constraints for table `products`
--
ALTER TABLE `products`
  ADD CONSTRAINT `products_category_product_id_foreign` FOREIGN KEY (`category_product_id`) REFERENCES `category_items` (`id`) ON DELETE CASCADE ON UPDATE CASCADE,
  ADD CONSTRAINT `products_user_id_foreign` FOREIGN KEY (`user_id`) REFERENCES `users` (`id`) ON DELETE CASCADE ON UPDATE CASCADE;

--
-- Constraints for table `role_user`
--
ALTER TABLE `role_user`
  ADD CONSTRAINT `role_user_role_id_foreign` FOREIGN KEY (`role_id`) REFERENCES `roles` (`id`) ON DELETE CASCADE ON UPDATE CASCADE,
  ADD CONSTRAINT `role_user_user_id_foreign` FOREIGN KEY (`user_id`) REFERENCES `users` (`id`) ON DELETE CASCADE ON UPDATE CASCADE;

/*!40101 SET CHARACTER_SET_CLIENT=@OLD_CHARACTER_SET_CLIENT */;
/*!40101 SET CHARACTER_SET_RESULTS=@OLD_CHARACTER_SET_RESULTS */;
/*!40101 SET COLLATION_CONNECTION=@OLD_COLLATION_CONNECTION */;
